"BALANCE","CUSTOMERID","ID","NUMBER","PASTMONTHTURNOVER","TYPE"
"6143.98","228","1","37678324","0.0","BUSINESS"
"6614.85","565","2","44629361","0.0","RETIREMENT"
"2332.36","432","3","93753667","0.0","SAVINGS"
"3056.41","650","4","96916137","0.0","MONEY_MARKET"
"6040.31","332","5","68823470","0.0","RETIREMENT"
"8556.18","386","6","47970243","0.0","RETIREMENT"
"3562.16","166","7","77842613","0.0","RETIREMENT"
"14141.99","266","8","21567056","0.0","SAVINGS"
"12683.49","306","9","51268471","0.0","RETIREMENT"
"6415.79","412","10","38101039","0.0","CHECKING"
"7175.14","299","11","93906470","0.0","CHECKING"
"900.84","225","12","33604067","0.0","CHECKING"
"14360.21","560","13","96636573","0.0","CERTIFICATE_OF_DEPOSIT"
"320.15","271","14","72326667","0.0","CHECKING"
"6835.57","602","15","96417428","0.0","SAVINGS"
"303.16","327","16","85461240","0.0","RETIREMENT"
"1129.37","357","17","43880419","0.0","BUSINESS"
"4203.15","461","18","90971945","0.0","CERTIFICATE_OF_DEPOSIT"
"234.83","499","19","72705619","0.0","CERTIFICATE_OF_DEPOSIT"
"196.62","429","20","89380559","0.0","MONEY_MARKET"
"1167.5","274","21","60081885","0.0","SAVINGS"
"910.08","489","22","25970760","0.0","CHECKING"
"1368.86","688","23","65502011","0.0","CHECKING"
"6156.24","349","24","46301698","0.0","MONEY_MARKET"
"6398.34","1","25","80205868","0.0","MONEY_MARKET"
"7515.63","440","26","34140215","0.0","MONEY_MARKET"
"2184.1","395","27","56848902","0.0","CERTIFICATE_OF_DEPOSIT"
"5639.88","96","28","98697152","0.0","CERTIFICATE_OF_DEPOSIT"
"2250.49","335","29","92912997","0.0","SAVINGS"
"762.72","353","30","49537487","0.0","CHECKING"
"2311.05","235","31","49700554","0.0","CERTIFICATE_OF_DEPOSIT"
"3171.52","329","32","48403795","0.0","CERTIFICATE_OF_DEPOSIT"
"8569.84","464","33","34077794","0.0","MONEY_MARKET"
"7763.08","342","34","76877530","0.0","CERTIFICATE_OF_DEPOSIT"
"753.03","297","35","92142179","0.0","BUSINESS"
"6738.71","511","36","15716934","0.0","MONEY_MARKET"
"7505.0","353","37","69731726","0.0","SAVINGS"
"7860.45","347","38","85807856","0.0","SAVINGS"
"3077.28","483","39","72904971","0.0","BUSINESS"
"542.04","179","40","47019583","0.0","CERTIFICATE_OF_DEPOSIT"
"6799.75","548","41","29917485","0.0","MONEY_MARKET"
"3171.27","453","42","34016882","0.0","BUSINESS"
"1281.32","238","43","28501556","0.0","MONEY_MARKET"
"2460.14","435","44","97204679","0.0","CHECKING"
"2508.19","425","45","20597614","0.0","CHECKING"
"436.66","535","46","66216320","0.0","CHECKING"
"1653.01","281","47","24165758","0.0","CERTIFICATE_OF_DEPOSIT"
"8145.0","430","48","14661246","0.0","RETIREMENT"
"11614.17","289","49","73385134","0.0","CHECKING"
"4054.59","410","50","15678278","0.0","BUSINESS"
"493.04","451","51","90666045","0.0","CHECKING"
"6110.57","394","52","92165371","0.0","BUSINESS"
"3075.64","589","53","52051314","0.0","CHECKING"
"7365.53","306","54","56489220","0.0","BUSINESS"
"488.16","746","55","55456564","0.0","SAVINGS"
"21464.9","416","56","91259620","0.0","BUSINESS"
"7396.54","260","57","20721803","0.0","CHECKING"
"90.2","523","58","45607373","0.0","RETIREMENT"
"4299.48","544","59","57436713","0.0","RETIREMENT"
"16047.16","359","60","47863018","0.0","RETIREMENT"
"3534.0","239","61","20456443","0.0","CERTIFICATE_OF_DEPOSIT"
"2315.2","295","62","77963315","0.0","CHECKING"
"3658.75","488","63","21502400","0.0","CERTIFICATE_OF_DEPOSIT"
"7480.16","366","64","23438562","0.0","SAVINGS"
"10225.83","537","65","90490555","0.0","RETIREMENT"
"8292.47","320","66","49288714","0.0","CERTIFICATE_OF_DEPOSIT"
"7382.66","488","67","67996177","0.0","MONEY_MARKET"
"392.38","120","68","91832654","0.0","BUSINESS"
"1248.46","309","69","87032247","0.0","CERTIFICATE_OF_DEPOSIT"
"405.88","303","70","84413557","0.0","CHECKING"
"6049.42","553","71","48176727","0.0","RETIREMENT"
"4791.11","355","72","20387519","0.0","CHECKING"
"4933.93","531","73","62691917","0.0","RETIREMENT"
"1473.34","432","74","42543156","0.0","CHECKING"
"10791.96","466","75","61284085","0.0","CERTIFICATE_OF_DEPOSIT"
"322.15","426","76","94897860","0.0","SAVINGS"
"1445.13","519","77","61881040","0.0","BUSINESS"
"12713.86","482","78","48069336","0.0","MONEY_MARKET"
"12289.23","383","79","24685654","0.0","SAVINGS"
"907.64","317","80","20408213","0.0","SAVINGS"
"16028.89","413","81","41469232","0.0","RETIREMENT"
"1132.06","496","82","17083163","0.0","CHECKING"
"1774.4","485","83","41230068","0.0","SAVINGS"
"2654.92","510","84","57319684","0.0","SAVINGS"
"48.33","413","85","50733984","0.0","CERTIFICATE_OF_DEPOSIT"
"6993.6","364","86","10969507","0.0","MONEY_MARKET"
"14601.02","375","87","65066210","0.0","RETIREMENT"
"863.53","217","88","52184701","0.0","MONEY_MARKET"
"3245.4","339","89","80510454","0.0","BUSINESS"
"7450.13","280","90","90054512","0.0","SAVINGS"
"2652.25","279","91","57921253","0.0","CHECKING"
"10174.34","224","92","10606484","0.0","CERTIFICATE_OF_DEPOSIT"
"2303.02","427","93","82679881","0.0","SAVINGS"
"2101.33","498","94","51345677","0.0","SAVINGS"
"4315.24","248","95","23421137","0.0","BUSINESS"
"8513.81","363","96","82459937","0.0","MONEY_MARKET"
"4539.19","523","97","71672221","0.0","RETIREMENT"
"1881.0","413","98","56717919","0.0","MONEY_MARKET"
"10936.27","493","99","68400696","0.0","MONEY_MARKET"
"2682.58","674","100","84083312","0.0","BUSINESS"
"6396.79","461","101","35549742","0.0","MONEY_MARKET"
"2200.99","447","102","14570202","0.0","RETIREMENT"
"10795.37","358","103","12893902","0.0","RETIREMENT"
"8427.94","582","104","54121919","0.0","BUSINESS"
"5202.25","381","105","53832357","0.0","MONEY_MARKET"
"622.73","622","106","26720234","0.0","RETIREMENT"
"6765.13","402","107","56334451","0.0","CERTIFICATE_OF_DEPOSIT"
"12031.29","471","108","28813697","0.0","CHECKING"
"920.31","505","109","93587726","0.0","SAVINGS"
"8955.63","368","110","50884395","0.0","BUSINESS"
"6569.04","323","111","21908720","0.0","CERTIFICATE_OF_DEPOSIT"
"1327.4","307","112","36649661","0.0","RETIREMENT"
"2288.46","401","113","19861105","0.0","MONEY_MARKET"
"5524.51","343","114","62847690","0.0","SAVINGS"
"3710.08","364","115","99524974","0.0","CERTIFICATE_OF_DEPOSIT"
"8115.91","443","116","88081559","0.0","MONEY_MARKET"
"8108.22","173","117","71480316","0.0","CHECKING"
"2879.64","361","118","57147576","0.0","RETIREMENT"
"10874.68","190","119","83600079","0.0","CHECKING"
"13989.64","280","120","39795901","0.0","MONEY_MARKET"
"9188.35","475","121","85601192","0.0","CHECKING"
"707.55","479","122","22130687","0.0","CERTIFICATE_OF_DEPOSIT"
"10039.52","420","123","70808035","0.0","CERTIFICATE_OF_DEPOSIT"
"1574.1","256","124","12243336","0.0","BUSINESS"
"2998.36","587","125","66122024","0.0","CHECKING"
"2164.36","487","126","25953194","0.0","CERTIFICATE_OF_DEPOSIT"
"4713.92","737","127","61151284","0.0","CHECKING"
"49.65","356","128","92585767","0.0","MONEY_MARKET"
"20135.96","408","129","44045772","0.0","MONEY_MARKET"
"2441.33","619","130","93483648","0.0","SAVINGS"
"10632.65","298","131","80840006","0.0","SAVINGS"
"3137.89","105","132","10035300","0.0","CHECKING"
"541.99","486","133","14577317","0.0","CHECKING"
"4437.77","311","134","22117972","0.0","RETIREMENT"
"2304.03","640","135","72548090","0.0","BUSINESS"
"16526.31","156","136","19377208","0.0","SAVINGS"
"6406.05","425","137","68559256","0.0","CHECKING"
"9706.14","423","138","18118632","0.0","MONEY_MARKET"
"5417.13","351","139","68752351","0.0","RETIREMENT"
"916.53","115","140","37936731","0.0","CHECKING"
"9759.46","301","141","96857986","0.0","CERTIFICATE_OF_DEPOSIT"
"4797.6","296","142","54462596","0.0","BUSINESS"
"5540.07","423","143","13930856","0.0","BUSINESS"
"14147.78","102","144","39454169","0.0","CHECKING"
"3279.97","423","145","65329661","0.0","RETIREMENT"
"1941.4","372","146","47205101","0.0","CERTIFICATE_OF_DEPOSIT"
"170.72","390","147","71153793","0.0","MONEY_MARKET"
"703.84","431","148","83911545","0.0","BUSINESS"
"9245.9","425","149","34935215","0.0","CERTIFICATE_OF_DEPOSIT"
"3809.98","417","150","33747317","0.0","CHECKING"
"5499.63","706","151","38805303","0.0","MONEY_MARKET"
"3271.14","800","152","46918143","0.0","MONEY_MARKET"
"1048.73","389","153","48755184","0.0","CERTIFICATE_OF_DEPOSIT"
"542.96","534","154","56247132","0.0","BUSINESS"
"7136.55","147","155","87651413","0.0","BUSINESS"
"14216.14","127","156","18551312","0.0","BUSINESS"
"112.16","505","157","66648625","0.0","BUSINESS"
"4668.64","472","158","65206630","0.0","CERTIFICATE_OF_DEPOSIT"
"613.19","101","159","14717608","0.0","CERTIFICATE_OF_DEPOSIT"
"5224.66","453","160","95780146","0.0","SAVINGS"
"7235.47","571","161","63944523","0.0","BUSINESS"
"1124.93","214","162","79267097","0.0","SAVINGS"
"9028.24","412","163","84087936","0.0","BUSINESS"
"15224.07","255","164","39569654","0.0","RETIREMENT"
"13571.82","386","165","73960482","0.0","CHECKING"
"11503.18","463","166","87847911","0.0","MONEY_MARKET"
"17596.69","190","167","99036448","0.0","BUSINESS"
"824.65","125","168","33112426","0.0","RETIREMENT"
"2246.53","654","169","63465087","0.0","SAVINGS"
"1700.67","395","170","31062824","0.0","SAVINGS"
"11422.77","541","171","86609124","0.0","RETIREMENT"
"7090.32","240","172","28595665","0.0","RETIREMENT"
"11586.74","545","173","22156414","0.0","CHECKING"
"11078.0","452","174","95106974","0.0","MONEY_MARKET"
"162.06","285","175","43497557","0.0","MONEY_MARKET"
"233.73","277","176","37304483","0.0","CERTIFICATE_OF_DEPOSIT"
"2708.26","285","177","11302111","0.0","MONEY_MARKET"
"17972.36","612","178","16382359","0.0","SAVINGS"
"11298.72","450","179","88732272","0.0","MONEY_MARKET"
"10806.12","300","180","55587620","0.0","MONEY_MARKET"
"472.45","179","181","44042554","0.0","MONEY_MARKET"
"573.66","392","182","33647466","0.0","CERTIFICATE_OF_DEPOSIT"
"1525.26","721","183","64367248","0.0","SAVINGS"
"9715.53","274","184","95913801","0.0","SAVINGS"
"2884.26","536","185","59019370","0.0","CHECKING"
"10281.87","562","186","59153083","0.0","MONEY_MARKET"
"3005.17","461","187","95814733","0.0","RETIREMENT"
"6170.67","332","188","60996813","0.0","SAVINGS"
"16770.41","439","189","29632382","0.0","RETIREMENT"
"7854.14","453","190","46188279","0.0","BUSINESS"
"6891.06","400","191","70211131","0.0","RETIREMENT"
"1171.47","351","192","39906505","0.0","BUSINESS"
"11024.81","369","193","52288237","0.0","CHECKING"
"2377.37","337","194","13504245","0.0","RETIREMENT"
"23562.59","412","195","19214836","0.0","CERTIFICATE_OF_DEPOSIT"
"12784.18","410","196","43971584","0.0","MONEY_MARKET"
"2670.54","433","197","23265685","0.0","RETIREMENT"
"14526.1","430","198","27024268","0.0","CHECKING"
"1614.25","474","199","61143818","0.0","BUSINESS"
"14172.53","422","200","76423114","0.0","RETIREMENT"
"8772.3","233","201","13729884","0.0","BUSINESS"
"3592.28","498","202","92291060","0.0","MONEY_MARKET"
"8132.57","367","203","52217656","0.0","CHECKING"
"6837.83","250","204","54130104","0.0","CERTIFICATE_OF_DEPOSIT"
"11512.16","421","205","41451763","0.0","MONEY_MARKET"
"9902.72","499","206","43349974","0.0","BUSINESS"
"7897.1","428","207","54308903","0.0","SAVINGS"
"773.18","387","208","58846127","0.0","MONEY_MARKET"
"4555.92","344","209","10193300","0.0","MONEY_MARKET"
"8740.6","488","210","22432715","0.0","MONEY_MARKET"
"5176.58","380","211","92843731","0.0","BUSINESS"
"8810.43","349","212","83179548","0.0","BUSINESS"
"10395.34","258","213","44003636","0.0","BUSINESS"
"667.93","524","214","22733229","0.0","SAVINGS"
"7284.06","530","215","25300238","0.0","CHECKING"
"1901.58","436","216","62046384","0.0","CERTIFICATE_OF_DEPOSIT"
"2353.4","377","217","47247281","0.0","CERTIFICATE_OF_DEPOSIT"
"8361.46","221","218","55506676","0.0","CERTIFICATE_OF_DEPOSIT"
"6318.89","442","219","57259403","0.0","BUSINESS"
"2629.28","520","220","58696783","0.0","SAVINGS"
"2769.65","519","221","77740591","0.0","RETIREMENT"
"6680.04","618","222","18510372","0.0","CHECKING"
"3316.47","262","223","29669694","0.0","SAVINGS"
"14003.91","638","224","24039387","0.0","BUSINESS"
"459.88","181","225","25839068","0.0","CHECKING"
"6139.15","406","226","49423860","0.0","MONEY_MARKET"
"8484.4","628","227","85115751","0.0","MONEY_MARKET"
"7931.67","586","228","49007218","0.0","RETIREMENT"
"18750.83","431","229","53349665","0.0","RETIREMENT"
"3493.89","553","230","74559507","0.0","MONEY_MARKET"
"757.43","435","231","30360674","0.0","CERTIFICATE_OF_DEPOSIT"
"2799.86","316","232","31114272","0.0","SAVINGS"
"959.79","369","233","95567929","0.0","RETIREMENT"
"330.7","311","234","35609888","0.0","MONEY_MARKET"
"9994.06","309","235","38516775","0.0","BUSINESS"
"471.69","380","236","41576913","0.0","CERTIFICATE_OF_DEPOSIT"
"6979.17","398","237","46038473","0.0","BUSINESS"
"5194.97","463","238","85244156","0.0","SAVINGS"
"8030.31","382","239","51546761","0.0","MONEY_MARKET"
"9329.39","275","240","39611480","0.0","MONEY_MARKET"
"11081.03","238","241","98637137","0.0","RETIREMENT"
"12218.65","709","242","56682581","0.0","MONEY_MARKET"
"1757.14","529","243","11106863","0.0","BUSINESS"
"9697.83","310","244","23205168","0.0","CERTIFICATE_OF_DEPOSIT"
"3800.88","252","245","80739584","0.0","SAVINGS"
"2235.87","446","246","81659057","0.0","BUSINESS"
"1382.14","439","247","44293521","0.0","RETIREMENT"
"824.25","244","248","31539308","0.0","CHECKING"
"5998.37","371","249","31487374","0.0","BUSINESS"
"11318.0","632","250","96354462","0.0","BUSINESS"
"692.39","479","251","76635583","0.0","CHECKING"
"2456.3","500","252","65942730","0.0","RETIREMENT"
"1504.24","308","253","43453945","0.0","CHECKING"
"4827.25","499","254","86480152","0.0","BUSINESS"
"17591.83","413","255","71651369","0.0","SAVINGS"
"1446.32","317","256","14714789","0.0","BUSINESS"
"8846.32","316","257","48463574","0.0","CERTIFICATE_OF_DEPOSIT"
"2018.14","572","258","24643764","0.0","BUSINESS"
"267.92","485","259","48736604","0.0","SAVINGS"
"4908.91","488","260","50307145","0.0","MONEY_MARKET"
"17776.14","283","261","63474671","0.0","SAVINGS"
"15951.19","533","262","52802220","0.0","SAVINGS"
"3182.31","402","263","34203134","0.0","CHECKING"
"2232.96","321","264","68939034","0.0","SAVINGS"
"22319.37","312","265","69027805","0.0","SAVINGS"
"4504.14","433","266","32490461","0.0","RETIREMENT"
"13801.05","524","267","44614364","0.0","RETIREMENT"
"1196.08","362","268","34797913","0.0","BUSINESS"
"564.72","331","269","45239986","0.0","RETIREMENT"
"632.81","582","270","28697030","0.0","MONEY_MARKET"
"9235.09","447","271","56111661","0.0","CERTIFICATE_OF_DEPOSIT"
"1066.49","462","272","84831578","0.0","BUSINESS"
"12143.96","351","273","54227204","0.0","CERTIFICATE_OF_DEPOSIT"
"4424.61","279","274","82261593","0.0","CERTIFICATE_OF_DEPOSIT"
"863.5","662","275","54343023","0.0","CHECKING"
"8959.59","566","276","90640922","0.0","BUSINESS"
"7389.74","263","277","33613378","0.0","RETIREMENT"
"2408.07","344","278","37233204","0.0","MONEY_MARKET"
"5473.74","423","279","55851652","0.0","BUSINESS"
"2501.82","198","280","28242581","0.0","CERTIFICATE_OF_DEPOSIT"
"7072.6","355","281","47788795","0.0","RETIREMENT"
"14676.29","357","282","26978697","0.0","MONEY_MARKET"
"9736.9","327","283","27118378","0.0","RETIREMENT"
"7624.05","635","284","63682166","0.0","BUSINESS"
"7873.93","657","285","30657464","0.0","MONEY_MARKET"
"9128.27","410","286","91124991","0.0","CHECKING"
"10404.41","387","287","71897284","0.0","MONEY_MARKET"
"8739.64","314","288","34345281","0.0","BUSINESS"
"4566.72","297","289","27064787","0.0","SAVINGS"
"1659.45","229","290","18013145","0.0","CHECKING"
"3884.73","605","291","99444899","0.0","CHECKING"
"3183.11","774","292","29696768","0.0","CHECKING"
"1722.64","262","293","32799822","0.0","CERTIFICATE_OF_DEPOSIT"
"6608.51","206","294","21824655","0.0","SAVINGS"
"2980.93","60","295","64135138","0.0","CERTIFICATE_OF_DEPOSIT"
"3782.91","562","296","92712995","0.0","RETIREMENT"
"12878.07","196","297","75397752","0.0","CHECKING"
"4174.62","384","298","37447966","0.0","MONEY_MARKET"
"1528.99","495","299","45315213","0.0","BUSINESS"
"3716.29","349","300","53184511","0.0","SAVINGS"
"12516.09","256","301","36359217","0.0","SAVINGS"
"2042.22","148","302","39608596","0.0","MONEY_MARKET"
"4948.0","629","303","46342641","0.0","CHECKING"
"1661.97","220","304","41779304","0.0","RETIREMENT"
"6835.32","442","305","60876852","0.0","CERTIFICATE_OF_DEPOSIT"
"3001.66","345","306","85787895","0.0","RETIREMENT"
"5213.89","571","307","91573128","0.0","RETIREMENT"
"4497.68","413","308","93788260","0.0","CERTIFICATE_OF_DEPOSIT"
"683.2","551","309","27918265","0.0","SAVINGS"
"5358.42","290","310","25923029","0.0","SAVINGS"
"2907.85","405","311","82581153","0.0","CERTIFICATE_OF_DEPOSIT"
"1383.36","479","312","97267771","0.0","RETIREMENT"
"3119.5","408","313","52690996","0.0","CHECKING"
"3739.71","230","314","39526585","0.0","BUSINESS"
"15882.24","537","315","47601328","0.0","CHECKING"
"15383.59","535","316","85859641","0.0","MONEY_MARKET"
"12591.98","321","317","62631789","0.0","SAVINGS"
"291.29","624","318","87337107","0.0","SAVINGS"
"9956.88","454","319","39185093","0.0","CHECKING"
"12309.5","284","320","78508003","0.0","MONEY_MARKET"
"63.3","271","321","20983080","0.0","CERTIFICATE_OF_DEPOSIT"
"228.86","611","322","15763182","0.0","CERTIFICATE_OF_DEPOSIT"
"593.35","348","323","97562311","0.0","CERTIFICATE_OF_DEPOSIT"
"9771.89","314","324","86950968","0.0","MONEY_MARKET"
"8809.76","395","325","64239331","0.0","RETIREMENT"
"1345.96","424","326","10458062","0.0","RETIREMENT"
"4844.45","405","327","81474132","0.0","BUSINESS"
"7851.85","424","328","47665667","0.0","RETIREMENT"
"5171.97","232","329","27898130","0.0","BUSINESS"
"3165.97","222","330","50463208","0.0","RETIREMENT"
"8377.28","402","331","15877871","0.0","MONEY_MARKET"
"1989.15","304","332","31480473","0.0","RETIREMENT"
"4267.32","316","333","95167850","0.0","CERTIFICATE_OF_DEPOSIT"
"1116.47","234","334","69530972","0.0","RETIREMENT"
"6462.59","423","335","50612674","0.0","MONEY_MARKET"
"4088.67","702","336","12780154","0.0","BUSINESS"
"4890.4","481","337","31485167","0.0","RETIREMENT"
"4144.87","380","338","26126922","0.0","CERTIFICATE_OF_DEPOSIT"
"306.51","297","339","23705218","0.0","BUSINESS"
"4457.51","554","340","42985347","0.0","SAVINGS"
"2071.58","350","341","37034889","0.0","RETIREMENT"
"5.38","500","342","82023557","0.0","CERTIFICATE_OF_DEPOSIT"
"1318.95","636","343","24378693","0.0","CERTIFICATE_OF_DEPOSIT"
"1672.39","329","344","76127398","0.0","CHECKING"
"892.97","445","345","71561438","0.0","SAVINGS"
"1924.94","553","346","77688332","0.0","CERTIFICATE_OF_DEPOSIT"
"2132.1","214","347","90044676","0.0","MONEY_MARKET"
"2966.27","475","348","75248433","0.0","SAVINGS"
"1043.21","329","349","94283644","0.0","MONEY_MARKET"
"14515.4","291","350","52743687","0.0","MONEY_MARKET"
"15187.33","67","351","53391992","0.0","CERTIFICATE_OF_DEPOSIT"
"6298.95","411","352","71708789","0.0","RETIREMENT"
"3982.33","305","353","71184070","0.0","CERTIFICATE_OF_DEPOSIT"
"7419.84","480","354","11384498","0.0","CHECKING"
"2830.3","457","355","29676111","0.0","CHECKING"
"1194.02","156","356","90841302","0.0","SAVINGS"
"33.22","302","357","10959223","0.0","RETIREMENT"
"1438.5","424","358","57707061","0.0","CERTIFICATE_OF_DEPOSIT"
"3943.9","499","359","99995378","0.0","BUSINESS"
"3060.08","444","360","79396881","0.0","CERTIFICATE_OF_DEPOSIT"
"383.6","373","361","53125961","0.0","SAVINGS"
"6739.13","253","362","24269863","0.0","SAVINGS"
"12.51","445","363","34820063","0.0","CERTIFICATE_OF_DEPOSIT"
"9639.94","360","364","51451704","0.0","CHECKING"
"466.05","440","365","23021599","0.0","MONEY_MARKET"
"983.62","510","366","68904505","0.0","SAVINGS"
"9336.11","442","367","26864888","0.0","SAVINGS"
"9016.54","434","368","22285644","0.0","MONEY_MARKET"
"4204.73","452","369","70919871","0.0","CERTIFICATE_OF_DEPOSIT"
"8073.71","450","370","97431682","0.0","CERTIFICATE_OF_DEPOSIT"
"1356.1","654","371","91778725","0.0","CERTIFICATE_OF_DEPOSIT"
"2301.98","443","372","46038707","0.0","BUSINESS"
"1448.14","450","373","41531229","0.0","CERTIFICATE_OF_DEPOSIT"
"119.75","522","374","21809796","0.0","BUSINESS"
"7806.74","339","375","11604862","0.0","CHECKING"
"7695.15","435","376","26747197","0.0","CHECKING"
"5957.04","512","377","27670222","0.0","SAVINGS"
"270.44","426","378","42158050","0.0","RETIREMENT"
"1631.76","568","379","65419558","0.0","CHECKING"
"5902.05","558","380","11120306","0.0","RETIREMENT"
"439.22","419","381","30969585","0.0","SAVINGS"
"5192.85","414","382","26630733","0.0","MONEY_MARKET"
"2463.08","565","383","34116881","0.0","SAVINGS"
"6825.66","517","384","30426566","0.0","CERTIFICATE_OF_DEPOSIT"
"7503.55","196","385","69169201","0.0","BUSINESS"
"7387.5","500","386","27775376","0.0","SAVINGS"
"12463.51","243","387","77129575","0.0","BUSINESS"
"11477.2","361","388","93097064","0.0","BUSINESS"
"390.21","238","389","35013959","0.0","BUSINESS"
"3566.03","370","390","88758479","0.0","CERTIFICATE_OF_DEPOSIT"
"669.49","407","391","87657994","0.0","RETIREMENT"
"10232.61","374","392","75194051","0.0","RETIREMENT"
"3089.52","529","393","71831115","0.0","MONEY_MARKET"
"3606.08","689","394","67474026","0.0","RETIREMENT"
"141.42","359","395","53947637","0.0","RETIREMENT"
"387.78","392","396","36462157","0.0","MONEY_MARKET"
"13754.66","461","397","17147909","0.0","SAVINGS"
"11589.12","429","398","36904177","0.0","MONEY_MARKET"
"805.63","515","399","23470079","0.0","RETIREMENT"
"8044.24","452","400","71931265","0.0","MONEY_MARKET"
"1351.53","327","401","42754434","0.0","MONEY_MARKET"
"1683.68","413","402","31153791","0.0","MONEY_MARKET"
"14093.02","405","403","32554431","0.0","CHECKING"
"1735.13","670","404","26304436","0.0","CERTIFICATE_OF_DEPOSIT"
"681.59","580","405","51311670","0.0","MONEY_MARKET"
"12965.17","331","406","23340674","0.0","BUSINESS"
"17057.08","418","407","51719190","0.0","MONEY_MARKET"
"1643.96","420","408","95478789","0.0","RETIREMENT"
"1848.15","434","409","82250297","0.0","CERTIFICATE_OF_DEPOSIT"
"15210.1","575","410","52839921","0.0","MONEY_MARKET"
"5204.15","141","411","81057388","0.0","CHECKING"
"6575.56","325","412","23262045","0.0","CERTIFICATE_OF_DEPOSIT"
"1226.71","364","413","79747512","0.0","CERTIFICATE_OF_DEPOSIT"
"2992.26","180","414","36656960","0.0","CHECKING"
"7006.07","379","415","45200061","0.0","CHECKING"
"10867.57","129","416","61767385","0.0","SAVINGS"
"12693.51","322","417","39029881","0.0","RETIREMENT"
"10710.76","382","418","27791246","0.0","SAVINGS"
"1025.59","582","419","79737799","0.0","BUSINESS"
"706.72","449","420","75809483","0.0","CERTIFICATE_OF_DEPOSIT"
"10416.78","315","421","45063325","0.0","CERTIFICATE_OF_DEPOSIT"
"71.01","318","422","41212373","0.0","CERTIFICATE_OF_DEPOSIT"
"1133.18","539","423","49366646","0.0","CHECKING"
"5563.1","641","424","45915651","0.0","CERTIFICATE_OF_DEPOSIT"
"4583.86","334","425","80599753","0.0","BUSINESS"
"1826.94","382","426","75803011","0.0","RETIREMENT"
"3575.05","346","427","80984711","0.0","BUSINESS"
"6671.5","279","428","16360829","0.0","CERTIFICATE_OF_DEPOSIT"
"11813.77","338","429","50662094","0.0","SAVINGS"
"13061.38","276","430","99572481","0.0","CERTIFICATE_OF_DEPOSIT"
"9408.21","355","431","54848708","0.0","MONEY_MARKET"
"7236.0","460","432","86897946","0.0","CERTIFICATE_OF_DEPOSIT"
"1599.79","516","433","53370947","0.0","RETIREMENT"
"11388.52","277","434","83958863","0.0","BUSINESS"
"9669.49","457","435","54864011","0.0","SAVINGS"
"1727.25","376","436","51638109","0.0","BUSINESS"
"3679.48","223","437","76611706","0.0","CERTIFICATE_OF_DEPOSIT"
"4760.26","465","438","36585619","0.0","SAVINGS"
"4395.37","240","439","77160998","0.0","CHECKING"
"7059.85","363","440","18223535","0.0","CHECKING"
"14289.67","345","441","55915089","0.0","RETIREMENT"
"7347.06","234","442","80074535","0.0","CERTIFICATE_OF_DEPOSIT"
"12188.11","734","443","39456097","0.0","CERTIFICATE_OF_DEPOSIT"
"465.88","391","444","19308662","0.0","BUSINESS"
"15620.54","252","445","38013040","0.0","MONEY_MARKET"
"13411.63","587","446","93610657","0.0","CERTIFICATE_OF_DEPOSIT"
"14252.91","298","447","82063505","0.0","BUSINESS"
"1479.65","419","448","36935138","0.0","BUSINESS"
"6367.97","567","449","20776625","0.0","CERTIFICATE_OF_DEPOSIT"
"7598.75","562","450","67579033","0.0","BUSINESS"
"14907.13","240","451","19755640","0.0","CERTIFICATE_OF_DEPOSIT"
"843.54","485","452","56591355","0.0","SAVINGS"
"1493.01","350","453","39955522","0.0","RETIREMENT"
"5247.06","538","454","98077180","0.0","RETIREMENT"
"1923.52","507","455","81282025","0.0","RETIREMENT"
"11715.15","230","456","60260162","0.0","MONEY_MARKET"
"5664.79","492","457","36589395","0.0","CHECKING"
"4296.32","447","458","20275504","0.0","MONEY_MARKET"
"5411.67","489","459","20218197","0.0","CERTIFICATE_OF_DEPOSIT"
"703.28","588","460","49739160","0.0","RETIREMENT"
"6121.16","151","461","91893320","0.0","BUSINESS"
"6237.12","697","462","80100988","0.0","CHECKING"
"2262.51","485","463","69277256","0.0","CERTIFICATE_OF_DEPOSIT"
"1408.02","651","464","93110253","0.0","BUSINESS"
"387.79","396","465","17065899","0.0","SAVINGS"
"4876.78","255","466","92303227","0.0","CERTIFICATE_OF_DEPOSIT"
"7167.24","618","467","47165770","0.0","CHECKING"
"3116.91","466","468","40842813","0.0","RETIREMENT"
"101.46","506","469","55447749","0.0","BUSINESS"
"20267.72","360","470","90206447","0.0","CERTIFICATE_OF_DEPOSIT"
"3191.43","383","471","32705752","0.0","CERTIFICATE_OF_DEPOSIT"
"4120.12","279","472","47500915","0.0","CERTIFICATE_OF_DEPOSIT"
"424.73","584","473","91903310","0.0","CHECKING"
"1115.51","449","474","28500872","0.0","MONEY_MARKET"
"1209.83","486","475","95504545","0.0","CERTIFICATE_OF_DEPOSIT"
"4894.44","326","476","87860788","0.0","BUSINESS"
"1759.68","410","477","28590458","0.0","BUSINESS"
"1129.63","588","478","70090396","0.0","RETIREMENT"
"632.74","523","479","39924525","0.0","MONEY_MARKET"
"3180.96","324","480","92334362","0.0","SAVINGS"
"3459.77","626","481","19424802","0.0","MONEY_MARKET"
"225.01","271","482","12834572","0.0","CHECKING"
"4808.73","550","483","24852469","0.0","SAVINGS"
"5881.17","293","484","48702664","0.0","CERTIFICATE_OF_DEPOSIT"
"1428.37","467","485","54906660","0.0","SAVINGS"
"12641.87","488","486","89771302","0.0","RETIREMENT"
"1396.57","483","487","14873356","0.0","MONEY_MARKET"
"3166.8","314","488","65998163","0.0","BUSINESS"
"6347.93","237","489","72813723","0.0","CERTIFICATE_OF_DEPOSIT"
"4286.3","393","490","72585967","0.0","SAVINGS"
"1832.51","512","491","28651122","0.0","MONEY_MARKET"
"7832.33","292","492","33389338","0.0","SAVINGS"
"2252.35","472","493","41026230","0.0","MONEY_MARKET"
"2518.76","306","494","29179738","0.0","BUSINESS"
"834.3","166","495","32858194","0.0","RETIREMENT"
"5626.09","540","496","45878670","0.0","BUSINESS"
"6942.41","658","497","68966078","0.0","CHECKING"
"3135.33","668","498","91189226","0.0","SAVINGS"
"7029.52","448","499","65392635","0.0","CHECKING"
"5183.06","315","500","46980521","0.0","RETIREMENT"
"2791.09","655","501","88726585","0.0","CERTIFICATE_OF_DEPOSIT"
"463.69","388","502","60459995","0.0","BUSINESS"
"446.05","402","503","20274306","0.0","RETIREMENT"
"944.13","440","504","80489345","0.0","RETIREMENT"
"2340.11","535","505","21999590","0.0","CHECKING"
"6068.44","377","506","56434309","0.0","CHECKING"
"5951.81","337","507","68642180","0.0","CERTIFICATE_OF_DEPOSIT"
"7265.84","504","508","76360608","0.0","CERTIFICATE_OF_DEPOSIT"
"3247.64","255","509","92109871","0.0","RETIREMENT"
"14345.95","444","510","57676901","0.0","SAVINGS"
"10555.82","272","511","25975774","0.0","CHECKING"
"8644.22","287","512","81292436","0.0","CERTIFICATE_OF_DEPOSIT"
"1688.67","203","513","41184092","0.0","MONEY_MARKET"
"1431.99","216","514","47481646","0.0","MONEY_MARKET"
"3729.77","477","515","88506198","0.0","CHECKING"
"5936.97","506","516","65902696","0.0","MONEY_MARKET"
"383.89","478","517","62575471","0.0","MONEY_MARKET"
"3161.11","334","518","58613987","0.0","SAVINGS"
"4589.75","633","519","57705250","0.0","SAVINGS"
"12255.24","289","520","76292916","0.0","BUSINESS"
"3483.43","343","521","16247426","0.0","SAVINGS"
"6842.13","368","522","35806351","0.0","CERTIFICATE_OF_DEPOSIT"
"400.15","456","523","73184674","0.0","SAVINGS"
"921.39","356","524","61464969","0.0","BUSINESS"
"147.96","340","525","20690461","0.0","MONEY_MARKET"
"5835.75","548","526","14698838","0.0","CERTIFICATE_OF_DEPOSIT"
"13322.58","609","527","52663928","0.0","CHECKING"
"2807.7","263","528","15209190","0.0","MONEY_MARKET"
"2849.31","319","529","21708244","0.0","RETIREMENT"
"2734.96","391","530","99618374","0.0","CHECKING"
"1897.63","479","531","13401464","0.0","SAVINGS"
"10635.63","130","532","79841346","0.0","CERTIFICATE_OF_DEPOSIT"
"4344.89","752","533","48423814","0.0","BUSINESS"
"10173.68","88","534","80693654","0.0","CERTIFICATE_OF_DEPOSIT"
"4502.42","401","535","41760420","0.0","CHECKING"
"401.32","347","536","46572792","0.0","CERTIFICATE_OF_DEPOSIT"
"7789.1","559","537","75930182","0.0","RETIREMENT"
"2189.13","290","538","42162761","0.0","CERTIFICATE_OF_DEPOSIT"
"13817.52","393","539","43206687","0.0","CERTIFICATE_OF_DEPOSIT"
"4107.82","511","540","77528546","0.0","CERTIFICATE_OF_DEPOSIT"
"609.67","413","541","43039276","0.0","CERTIFICATE_OF_DEPOSIT"
"900.47","493","542","87689728","0.0","SAVINGS"
"7712.79","352","543","99307238","0.0","RETIREMENT"
"14112.36","199","544","97676628","0.0","MONEY_MARKET"
"849.15","305","545","52816561","0.0","SAVINGS"
"9758.55","635","546","52139816","0.0","CERTIFICATE_OF_DEPOSIT"
"11256.98","224","547","44991835","0.0","CERTIFICATE_OF_DEPOSIT"
"7223.29","341","548","10278036","0.0","SAVINGS"
"3489.51","300","549","13999088","0.0","BUSINESS"
"1160.43","338","550","76257080","0.0","SAVINGS"
"1933.62","327","551","42610942","0.0","CHECKING"
"20852.71","403","552","75171390","0.0","RETIREMENT"
"15037.4","395","553","15302057","0.0","RETIREMENT"
"3571.99","175","554","90077414","0.0","SAVINGS"
"13522.91","586","555","11159551","0.0","BUSINESS"
"894.52","512","556","84600496","0.0","MONEY_MARKET"
"1248.29","371","557","71314659","0.0","CHECKING"
"3382.37","354","558","48331439","0.0","RETIREMENT"
"19330.76","460","559","96919706","0.0","RETIREMENT"
"2607.44","324","560","81147503","0.0","MONEY_MARKET"
"10438.26","217","561","58621949","0.0","CHECKING"
"11188.11","385","562","56585739","0.0","RETIREMENT"
"15144.6","469","563","75251495","0.0","BUSINESS"
"4819.72","445","564","71786799","0.0","SAVINGS"
"121.38","392","565","29559717","0.0","RETIREMENT"
"4645.97","403","566","35215294","0.0","SAVINGS"
"670.66","256","567","18332929","0.0","BUSINESS"
"213.07","427","568","46958866","0.0","CHECKING"
"5747.56","489","569","72105154","0.0","BUSINESS"
"7942.72","128","570","27189941","0.0","BUSINESS"
"4411.59","365","571","21357094","0.0","SAVINGS"
"2912.49","542","572","89643874","0.0","MONEY_MARKET"
"3116.75","98","573","65217001","0.0","RETIREMENT"
"7732.95","374","574","73540817","0.0","CHECKING"
"1783.89","429","575","76615884","0.0","CHECKING"
"995.7","525","576","10412235","0.0","CHECKING"
"16206.25","212","577","65287182","0.0","CERTIFICATE_OF_DEPOSIT"
"4903.75","142","578","94264735","0.0","BUSINESS"
"2041.07","257","579","10763439","0.0","BUSINESS"
"1646.88","4","580","19705523","0.0","CHECKING"
"1183.87","205","581","32738921","0.0","SAVINGS"
"5636.98","98","582","21965145","0.0","SAVINGS"
"9831.07","496","583","66928249","0.0","CERTIFICATE_OF_DEPOSIT"
"3992.71","477","584","76973183","0.0","BUSINESS"
"24248.97","392","585","94768287","0.0","BUSINESS"
"1451.24","254","586","61552716","0.0","BUSINESS"
"1037.83","568","587","83208360","0.0","MONEY_MARKET"
"5573.16","360","588","38426633","0.0","BUSINESS"
"12318.33","460","589","46865536","0.0","BUSINESS"
"472.56","513","590","60889997","0.0","CHECKING"
"11541.31","178","591","68514667","0.0","MONEY_MARKET"
"8588.49","325","592","60041565","0.0","BUSINESS"
"2715.68","360","593","46938973","0.0","CERTIFICATE_OF_DEPOSIT"
"1433.68","219","594","68334905","0.0","MONEY_MARKET"
"4749.86","507","595","47310556","0.0","MONEY_MARKET"
"132.94","381","596","63463746","0.0","CERTIFICATE_OF_DEPOSIT"
"1943.8","352","597","49408505","0.0","BUSINESS"
"4394.42","433","598","67783717","0.0","CERTIFICATE_OF_DEPOSIT"
"3386.26","324","599","80426453","0.0","CERTIFICATE_OF_DEPOSIT"
"1177.98","227","600","82421598","0.0","RETIREMENT"
"4907.97","718","601","42364131","0.0","CERTIFICATE_OF_DEPOSIT"
"2904.37","532","602","15804513","0.0","MONEY_MARKET"
"1438.6","461","603","91616696","0.0","BUSINESS"
"16784.08","233","604","96883881","0.0","BUSINESS"
"648.41","299","605","35923906","0.0","BUSINESS"
"2426.54","339","606","73219395","0.0","BUSINESS"
"6282.33","458","607","30987666","0.0","MONEY_MARKET"
"9204.9","344","608","57399437","0.0","CERTIFICATE_OF_DEPOSIT"
"4688.0","328","609","65756649","0.0","CERTIFICATE_OF_DEPOSIT"
"3233.84","469","610","26748384","0.0","BUSINESS"
"4732.15","338","611","50940248","0.0","SAVINGS"
"6523.12","397","612","83852717","0.0","MONEY_MARKET"
"990.97","291","613","91999357","0.0","RETIREMENT"
"2604.52","378","614","77488158","0.0","MONEY_MARKET"
"1066.0","479","615","10877390","0.0","RETIREMENT"
"10492.38","327","616","92941076","0.0","SAVINGS"
"17543.05","431","617","12889517","0.0","SAVINGS"
"1114.76","521","618","86668163","0.0","CERTIFICATE_OF_DEPOSIT"
"25402.42","406","619","60271997","0.0","SAVINGS"
"8363.14","601","620","34202957","0.0","RETIREMENT"
"3599.93","268","621","62703075","0.0","MONEY_MARKET"
"2816.78","347","622","41450654","0.0","BUSINESS"
"2155.92","409","623","27872906","0.0","RETIREMENT"
"1058.56","668","624","16997069","0.0","RETIREMENT"
"10529.84","411","625","68530542","0.0","CHECKING"
"3115.62","537","626","72249632","0.0","CHECKING"
"17592.14","367","627","97385417","0.0","SAVINGS"
"9219.16","525","628","48046923","0.0","BUSINESS"
"8341.11","569","629","69238071","0.0","MONEY_MARKET"
"620.25","466","630","18446558","0.0","CHECKING"
"5850.32","381","631","89817867","0.0","RETIREMENT"
"9065.84","427","632","75644292","0.0","SAVINGS"
"3263.88","328","633","80177501","0.0","CHECKING"
"3437.57","475","634","43674923","0.0","SAVINGS"
"8000.01","540","635","68194883","0.0","MONEY_MARKET"
"6406.05","285","636","20208055","0.0","RETIREMENT"
"3823.84","427","637","85533777","0.0","RETIREMENT"
"1408.32","329","638","12277232","0.0","RETIREMENT"
"2580.63","519","639","80169176","0.0","MONEY_MARKET"
"49.28","544","640","61787382","0.0","RETIREMENT"
"2146.75","685","641","22321799","0.0","MONEY_MARKET"
"16101.32","650","642","51219370","0.0","CHECKING"
"13149.53","700","643","78341057","0.0","SAVINGS"
"4838.8","346","644","65934534","0.0","SAVINGS"
"5001.16","441","645","58377972","0.0","MONEY_MARKET"
"5401.2","347","646","38384290","0.0","BUSINESS"
"13120.84","251","647","94036107","0.0","MONEY_MARKET"
"8256.37","229","648","47224946","0.0","CERTIFICATE_OF_DEPOSIT"
"1413.01","451","649","37280286","0.0","BUSINESS"
"9765.65","349","650","24031148","0.0","RETIREMENT"
"2319.09","311","651","85981855","0.0","BUSINESS"
"11826.16","454","652","41080861","0.0","CERTIFICATE_OF_DEPOSIT"
"15549.22","497","653","46701479","0.0","BUSINESS"
"10380.18","134","654","71238288","0.0","SAVINGS"
"11022.73","562","655","92406373","0.0","BUSINESS"
"4114.31","265","656","10535076","0.0","RETIREMENT"
"1948.05","454","657","14682267","0.0","SAVINGS"
"1120.45","321","658","71245748","0.0","BUSINESS"
"1963.78","357","659","33322260","0.0","SAVINGS"
"2151.85","357","660","66141391","0.0","CERTIFICATE_OF_DEPOSIT"
"1254.06","362","661","56057774","0.0","CHECKING"
"5057.51","409","662","37011187","0.0","MONEY_MARKET"
"10221.17","335","663","27303569","0.0","CHECKING"
"648.65","309","664","98649839","0.0","RETIREMENT"
"7633.68","171","665","60872213","0.0","BUSINESS"
"8870.7","523","666","81498922","0.0","CHECKING"
"1474.55","280","667","13666864","0.0","MONEY_MARKET"
"6425.93","342","668","31632603","0.0","CHECKING"
"1819.88","337","669","38424685","0.0","CHECKING"
"4565.2","436","670","47924447","0.0","SAVINGS"
"6851.83","50","671","55463339","0.0","RETIREMENT"
"9515.76","564","672","98602969","0.0","CERTIFICATE_OF_DEPOSIT"
"15502.09","81","673","58551144","0.0","RETIREMENT"
"2197.31","216","674","26473715","0.0","BUSINESS"
"5653.18","375","675","66568358","0.0","RETIREMENT"
"7445.14","299","676","69001087","0.0","SAVINGS"
"1657.6","244","677","19098544","0.0","MONEY_MARKET"
"4431.29","459","678","40800871","0.0","MONEY_MARKET"
"24110.25","307","679","24493831","0.0","CHECKING"
"4019.07","407","680","59904735","0.0","RETIREMENT"
"2363.08","419","681","15082611","0.0","BUSINESS"
"4214.36","257","682","61174355","0.0","MONEY_MARKET"
"13673.14","201","683","59081915","0.0","BUSINESS"
"6534.08","444","684","91694337","0.0","MONEY_MARKET"
"49.59","571","685","83258877","0.0","MONEY_MARKET"
"3580.86","277","686","76226990","0.0","BUSINESS"
"1038.15","560","687","21743265","0.0","CERTIFICATE_OF_DEPOSIT"
"10573.95","590","688","96888445","0.0","MONEY_MARKET"
"1130.31","407","689","22144111","0.0","CERTIFICATE_OF_DEPOSIT"
"4455.62","414","690","67486052","0.0","CHECKING"
"2645.95","493","691","89945929","0.0","BUSINESS"
"21477.15","289","692","96054081","0.0","SAVINGS"
"3203.79","413","693","88276626","0.0","CERTIFICATE_OF_DEPOSIT"
"2635.73","324","694","62519034","0.0","CHECKING"
"2872.76","235","695","48881993","0.0","SAVINGS"
"1647.28","208","696","42920269","0.0","CERTIFICATE_OF_DEPOSIT"
"2388.73","438","697","80902341","0.0","RETIREMENT"
"2328.61","364","698","72015544","0.0","MONEY_MARKET"
"1252.25","464","699","24407141","0.0","RETIREMENT"
"7346.03","369","700","43188900","0.0","MONEY_MARKET"
"16574.18","149","701","47539648","0.0","SAVINGS"
"3112.56","322","702","78493576","0.0","SAVINGS"
"10524.66","404","703","25432824","0.0","RETIREMENT"
"4814.28","389","704","40269591","0.0","SAVINGS"
"26151.86","429","705","67119012","0.0","CERTIFICATE_OF_DEPOSIT"
"2801.3","299","706","32545843","0.0","RETIREMENT"
"10584.85","174","707","12959615","0.0","MONEY_MARKET"
"9684.26","370","708","44680070","0.0","CHECKING"
"12697.6","330","709","47931242","0.0","CHECKING"
"768.52","413","710","73710239","0.0","BUSINESS"
"5804.18","505","711","70808146","0.0","CERTIFICATE_OF_DEPOSIT"
"84.98","475","712","12111011","0.0","SAVINGS"
"3234.43","359","713","97527102","0.0","SAVINGS"
"435.64","398","714","19317661","0.0","MONEY_MARKET"
"560.29","439","715","97559103","0.0","CERTIFICATE_OF_DEPOSIT"
"5764.87","406","716","96807632","0.0","CERTIFICATE_OF_DEPOSIT"
"3756.5","388","717","91027704","0.0","RETIREMENT"
"4305.71","300","718","46653162","0.0","CHECKING"
"16223.2","502","719","88271505","0.0","CHECKING"
"205.3","449","720","91813317","0.0","RETIREMENT"
"8135.54","214","721","10402326","0.0","SAVINGS"
"9301.71","694","722","59620264","0.0","RETIREMENT"
"16001.97","469","723","81159181","0.0","CHECKING"
"12304.7","354","724","65357211","0.0","BUSINESS"
"12473.39","371","725","89185168","0.0","RETIREMENT"
"3576.79","385","726","25983302","0.0","CHECKING"
"6090.53","429","727","73964347","0.0","SAVINGS"
"253.77","238","728","68599182","0.0","BUSINESS"
"800.95","390","729","78307932","0.0","BUSINESS"
"3789.1","607","730","99229371","0.0","BUSINESS"
"37.88","253","731","14238617","0.0","CHECKING"
"16179.11","315","732","46671274","0.0","CHECKING"
"19609.11","422","733","33042637","0.0","SAVINGS"
"5142.27","250","734","75281039","0.0","MONEY_MARKET"
"2063.53","435","735","65594570","0.0","BUSINESS"
"1832.35","399","736","52890785","0.0","BUSINESS"
"15721.16","366","737","86887935","0.0","RETIREMENT"
"3106.18","117","738","52818349","0.0","CHECKING"
"18656.01","313","739","91771764","0.0","CERTIFICATE_OF_DEPOSIT"
"5575.82","730","740","99321770","0.0","SAVINGS"
"1620.52","594","741","71994385","0.0","BUSINESS"
"4834.96","410","742","88407144","0.0","BUSINESS"
"631.19","196","743","17537725","0.0","CHECKING"
"6078.73","458","744","76242785","0.0","RETIREMENT"
"528.25","483","745","47418661","0.0","CERTIFICATE_OF_DEPOSIT"
"13809.36","302","746","67912170","0.0","RETIREMENT"
"1839.47","577","747","96274789","0.0","SAVINGS"
"416.12","246","748","84484436","0.0","BUSINESS"
"830.08","502","749","36644361","0.0","MONEY_MARKET"
"524.7","481","750","61978768","0.0","CHECKING"
"6242.0","257","751","85513645","0.0","BUSINESS"
"6357.87","632","752","27507476","0.0","MONEY_MARKET"
"8595.73","142","753","75759856","0.0","CERTIFICATE_OF_DEPOSIT"
"11639.67","455","754","40468043","0.0","SAVINGS"
"1187.49","516","755","34185821","0.0","BUSINESS"
"1744.78","336","756","87540496","0.0","CERTIFICATE_OF_DEPOSIT"
"10344.09","299","757","76813278","0.0","MONEY_MARKET"
"3524.46","455","758","48949792","0.0","CHECKING"
"1141.93","519","759","18127215","0.0","SAVINGS"
"6611.26","90","760","29914884","0.0","SAVINGS"
"1345.96","478","761","84453317","0.0","MONEY_MARKET"
"2093.95","493","762","93100768","0.0","MONEY_MARKET"
"2446.04","466","763","65284178","0.0","MONEY_MARKET"
"5846.89","521","764","46537060","0.0","RETIREMENT"
"21411.4","315","765","78529685","0.0","MONEY_MARKET"
"2915.46","415","766","83962832","0.0","MONEY_MARKET"
"1356.54","357","767","84715976","0.0","SAVINGS"
"11508.74","362","768","17015612","0.0","SAVINGS"
"6400.06","660","769","95327633","0.0","MONEY_MARKET"
"892.1","447","770","68707303","0.0","SAVINGS"
"2503.23","374","771","26499644","0.0","SAVINGS"
"1784.62","453","772","95846113","0.0","SAVINGS"
"6587.19","594","773","62515002","0.0","SAVINGS"
"15791.73","467","774","37436002","0.0","CERTIFICATE_OF_DEPOSIT"
"6133.72","1","775","60974335","0.0","CHECKING"
"16458.18","465","776","23404311","0.0","CHECKING"
"7869.65","426","777","35274956","0.0","MONEY_MARKET"
"8975.1","473","778","42841253","0.0","BUSINESS"
"11387.87","433","779","21378917","0.0","CHECKING"
"11440.76","88","780","19604083","0.0","MONEY_MARKET"
"5852.85","553","781","59066843","0.0","CHECKING"
"2356.32","362","782","16787352","0.0","BUSINESS"
"8525.28","575","783","25446450","0.0","CERTIFICATE_OF_DEPOSIT"
"2790.55","354","784","31601170","0.0","BUSINESS"
"1828.21","614","785","59173007","0.0","CHECKING"
"2858.4","406","786","38041331","0.0","CHECKING"
"11037.73","189","787","57313270","0.0","CERTIFICATE_OF_DEPOSIT"
"13052.55","184","788","39065447","0.0","MONEY_MARKET"
"7069.48","463","789","18396467","0.0","CERTIFICATE_OF_DEPOSIT"
"6275.48","557","790","68669336","0.0","SAVINGS"
"2701.49","367","791","17724927","0.0","CHECKING"
"4201.11","433","792","41653246","0.0","SAVINGS"
"7992.93","265","793","43228528","0.0","RETIREMENT"
"4311.52","430","794","99734770","0.0","RETIREMENT"
"8304.86","430","795","16584594","0.0","RETIREMENT"
"1090.43","475","796","86647629","0.0","BUSINESS"
"967.95","310","797","84215892","0.0","SAVINGS"
"3575.12","366","798","57559482","0.0","RETIREMENT"
"856.91","439","799","13083134","0.0","SAVINGS"
"7720.79","622","800","16198618","0.0","CERTIFICATE_OF_DEPOSIT"
"6632.75","164","801","19232241","0.0","BUSINESS"
"1968.68","565","802","83826026","0.0","SAVINGS"
"8564.29","482","803","69343332","0.0","MONEY_MARKET"
"865.06","287","804","58814261","0.0","CERTIFICATE_OF_DEPOSIT"
"351.37","507","805","41147096","0.0","CHECKING"
"207.06","193","806","53709789","0.0","RETIREMENT"
"5818.28","172","807","53954519","0.0","CHECKING"
"9729.56","352","808","64652480","0.0","BUSINESS"
"1329.69","361","809","28308995","0.0","BUSINESS"
"1329.57","394","810","61099707","0.0","CERTIFICATE_OF_DEPOSIT"
"1345.75","249","811","61749643","0.0","CERTIFICATE_OF_DEPOSIT"
"2334.85","357","812","46327453","0.0","SAVINGS"
"5335.63","199","813","66952011","0.0","RETIREMENT"
"10819.34","559","814","49685998","0.0","CERTIFICATE_OF_DEPOSIT"
"3637.76","273","815","58754787","0.0","BUSINESS"
"2129.68","164","816","24857045","0.0","SAVINGS"
"7596.9","466","817","69468528","0.0","MONEY_MARKET"
"1210.16","497","818","93198504","0.0","SAVINGS"
"1309.61","356","819","13658023","0.0","CHECKING"
"1931.5","316","820","89558910","0.0","CERTIFICATE_OF_DEPOSIT"
"6451.91","506","821","67824301","0.0","RETIREMENT"
"753.09","117","822","10703466","0.0","MONEY_MARKET"
"2815.33","436","823","75822167","0.0","CERTIFICATE_OF_DEPOSIT"
"199.05","120","824","17952927","0.0","SAVINGS"
"2504.06","157","825","73669629","0.0","SAVINGS"
"8627.2","310","826","88825917","0.0","RETIREMENT"
"4545.87","543","827","12374406","0.0","CERTIFICATE_OF_DEPOSIT"
"218.35","239","828","43669326","0.0","MONEY_MARKET"
"4169.18","264","829","93892750","0.0","SAVINGS"
"12086.03","246","830","78487619","0.0","CHECKING"
"1523.3","371","831","84751098","0.0","MONEY_MARKET"
"266.53","323","832","22620668","0.0","RETIREMENT"
"8215.26","316","833","48254724","0.0","SAVINGS"
"8101.67","401","834","92181585","0.0","CERTIFICATE_OF_DEPOSIT"
"5921.77","308","835","67241447","0.0","CHECKING"
"1404.09","375","836","20440766","0.0","BUSINESS"
"3117.71","457","837","20150483","0.0","BUSINESS"
"2972.53","435","838","41738139","0.0","RETIREMENT"
"2891.05","491","839","32995973","0.0","CERTIFICATE_OF_DEPOSIT"
"1025.58","575","840","51996187","0.0","CERTIFICATE_OF_DEPOSIT"
"169.58","230","841","20385631","0.0","MONEY_MARKET"
"10123.98","226","842","38780010","0.0","BUSINESS"
"2101.16","523","843","73654330","0.0","CHECKING"
"17444.52","363","844","25632403","0.0","RETIREMENT"
"7481.03","432","845","37491633","0.0","CERTIFICATE_OF_DEPOSIT"
"6765.71","216","846","56780889","0.0","RETIREMENT"
"5555.26","479","847","11634852","0.0","RETIREMENT"
"1846.94","179","848","91890622","0.0","BUSINESS"
"9793.13","460","849","23323710","0.0","BUSINESS"
"41.75","304","850","51382323","0.0","RETIREMENT"
"9896.72","567","851","79096382","0.0","CERTIFICATE_OF_DEPOSIT"
"2116.54","301","852","57471787","0.0","CHECKING"
"8615.55","446","853","58089281","0.0","RETIREMENT"
"689.97","346","854","27316550","0.0","CHECKING"
"251.55","287","855","68622457","0.0","CERTIFICATE_OF_DEPOSIT"
"6521.8","49","856","38934201","0.0","RETIREMENT"
"8293.6","274","857","25605125","0.0","SAVINGS"
"3204.68","656","858","31624103","0.0","BUSINESS"
"68.44","325","859","51329437","0.0","MONEY_MARKET"
"904.29","415","860","97807540","0.0","BUSINESS"
"1855.18","403","861","45120043","0.0","CHECKING"
"121.53","471","862","86739629","0.0","SAVINGS"
"12768.22","229","863","24336089","0.0","SAVINGS"
"4491.93","304","864","64060152","0.0","CERTIFICATE_OF_DEPOSIT"
"2647.29","465","865","20898541","0.0","CERTIFICATE_OF_DEPOSIT"
"691.81","696","866","72762797","0.0","SAVINGS"
"9078.13","449","867","65552239","0.0","CHECKING"
"10510.79","339","868","73088866","0.0","RETIREMENT"
"472.8","636","869","75840338","0.0","SAVINGS"
"2105.1","518","870","13980115","0.0","CHECKING"
"3764.75","387","871","87337173","0.0","SAVINGS"
"5425.78","299","872","92210941","0.0","BUSINESS"
"545.66","415","873","43149307","0.0","RETIREMENT"
"971.94","418","874","90343747","0.0","SAVINGS"
"10619.53","637","875","71531592","0.0","CERTIFICATE_OF_DEPOSIT"
"1609.6","457","876","28757051","0.0","BUSINESS"
"7528.52","429","877","30661940","0.0","CHECKING"
"5671.52","312","878","53030679","0.0","CHECKING"
"12120.1","341","879","36820362","0.0","CERTIFICATE_OF_DEPOSIT"
"2151.97","255","880","95962332","0.0","MONEY_MARKET"
"857.08","242","881","44229394","0.0","CERTIFICATE_OF_DEPOSIT"
"483.73","136","882","15002576","0.0","SAVINGS"
"11293.96","352","883","53160808","0.0","CHECKING"
"3065.06","404","884","72255911","0.0","RETIREMENT"
"16017.14","313","885","96042536","0.0","MONEY_MARKET"
"9295.92","372","886","50482958","0.0","MONEY_MARKET"
"3239.37","357","887","14340793","0.0","BUSINESS"
"2411.05","208","888","56595177","0.0","BUSINESS"
"8251.5","483","889","93961929","0.0","BUSINESS"
"7110.21","398","890","91992303","0.0","CERTIFICATE_OF_DEPOSIT"
"845.97","546","891","56438266","0.0","BUSINESS"
"595.64","343","892","76111462","0.0","CERTIFICATE_OF_DEPOSIT"
"2847.02","638","893","56748537","0.0","BUSINESS"
"25799.35","154","894","83655773","0.0","BUSINESS"
"1777.94","294","895","31087409","0.0","CHECKING"
"576.65","103","896","99671927","0.0","MONEY_MARKET"
"1196.0","435","897","63356585","0.0","RETIREMENT"
"1608.88","396","898","97296038","0.0","CHECKING"
"4736.19","279","899","38112165","0.0","RETIREMENT"
"2855.59","111","900","87324253","0.0","CHECKING"
"9431.01","388","901","18795832","0.0","CERTIFICATE_OF_DEPOSIT"
"3250.09","362","902","12563157","0.0","RETIREMENT"
"12281.89","343","903","89842328","0.0","RETIREMENT"
"2066.1","243","904","37700499","0.0","SAVINGS"
"574.35","395","905","90236146","0.0","CHECKING"
"1898.01","355","906","64713050","0.0","CHECKING"
"1081.38","535","907","28159271","0.0","BUSINESS"
"360.25","212","908","71922640","0.0","CHECKING"
"8074.62","413","909","92526641","0.0","CHECKING"
"2967.46","425","910","89230459","0.0","CHECKING"
"11599.13","369","911","47337346","0.0","SAVINGS"
"1863.94","288","912","11945992","0.0","SAVINGS"
"4494.96","551","913","25041321","0.0","CHECKING"
"2807.5","268","914","78573823","0.0","CHECKING"
"12524.25","454","915","12711875","0.0","BUSINESS"
"9507.97","369","916","80375859","0.0","CERTIFICATE_OF_DEPOSIT"
"9653.6","219","917","33153320","0.0","CERTIFICATE_OF_DEPOSIT"
"1471.07","359","918","44640236","0.0","SAVINGS"
"2655.3","576","919","56710845","0.0","CHECKING"
"1879.43","201","920","59858935","0.0","CERTIFICATE_OF_DEPOSIT"
"8406.2","339","921","41590841","0.0","MONEY_MARKET"
"208.2","259","922","51854930","0.0","SAVINGS"
"4472.14","275","923","44479263","0.0","CHECKING"
"2931.49","373","924","57705595","0.0","RETIREMENT"
"877.25","321","925","59653085","0.0","CERTIFICATE_OF_DEPOSIT"
"644.9","528","926","21700170","0.0","SAVINGS"
"254.26","664","927","66700960","0.0","CERTIFICATE_OF_DEPOSIT"
"1899.15","213","928","40036970","0.0","CHECKING"
"2528.77","418","929","50861818","0.0","RETIREMENT"
"7778.31","578","930","10976507","0.0","RETIREMENT"
"4602.46","72","931","65073418","0.0","MONEY_MARKET"
"2805.55","501","932","43555284","0.0","BUSINESS"
"390.51","355","933","81212223","0.0","SAVINGS"
"453.56","408","934","94238252","0.0","CERTIFICATE_OF_DEPOSIT"
"20650.4","768","935","57679693","0.0","CHECKING"
"299.76","414","936","89249753","0.0","CHECKING"
"15773.94","527","937","71315126","0.0","CERTIFICATE_OF_DEPOSIT"
"9843.79","416","938","53897817","0.0","SAVINGS"
"10200.41","328","939","28948133","0.0","CERTIFICATE_OF_DEPOSIT"
"2502.3","503","940","81592849","0.0","CHECKING"
"13345.0","455","941","18061356","0.0","RETIREMENT"
"965.21","140","942","66694883","0.0","RETIREMENT"
"4159.25","101","943","98020264","0.0","RETIREMENT"
"13765.57","611","944","25280231","0.0","CERTIFICATE_OF_DEPOSIT"
"4622.62","352","945","16605730","0.0","SAVINGS"
"1534.65","238","946","97533209","0.0","RETIREMENT"
"2401.75","464","947","50830917","0.0","CHECKING"
"8075.54","443","948","22508455","0.0","CERTIFICATE_OF_DEPOSIT"
"11058.89","427","949","63722989","0.0","RETIREMENT"
"5854.33","596","950","72106740","0.0","CERTIFICATE_OF_DEPOSIT"
"563.0","588","951","46669986","0.0","BUSINESS"
"3220.41","360","952","23481502","0.0","CHECKING"
"2333.41","430","953","58956328","0.0","MONEY_MARKET"
"10981.99","358","954","83188019","0.0","SAVINGS"
"3544.32","394","955","69157419","0.0","CERTIFICATE_OF_DEPOSIT"
"5525.35","465","956","44899003","0.0","SAVINGS"
"8704.54","151","957","49721366","0.0","MONEY_MARKET"
"2261.89","309","958","24779429","0.0","MONEY_MARKET"
"1599.02","493","959","86936600","0.0","CHECKING"
"1339.54","325","960","31890572","0.0","CHECKING"
"592.11","435","961","39514981","0.0","CERTIFICATE_OF_DEPOSIT"
"11180.52","293","962","28177339","0.0","SAVINGS"
"11360.51","526","963","68958519","0.0","CERTIFICATE_OF_DEPOSIT"
"17765.67","440","964","55966598","0.0","CERTIFICATE_OF_DEPOSIT"
"15711.6","300","965","12003144","0.0","BUSINESS"
"2411.24","500","966","24729389","0.0","MONEY_MARKET"
"5200.3","430","967","26810222","0.0","RETIREMENT"
"4598.26","242","968","71387994","0.0","CERTIFICATE_OF_DEPOSIT"
"5872.21","217","969","41565883","0.0","RETIREMENT"
"344.93","200","970","47994615","0.0","CERTIFICATE_OF_DEPOSIT"
"893.72","451","971","37828165","0.0","RETIREMENT"
"4505.65","296","972","60031965","0.0","MONEY_MARKET"
"6681.69","731","973","50177039","0.0","SAVINGS"
"8577.65","615","974","91192228","0.0","CHECKING"
"1362.95","408","975","18862799","0.0","CERTIFICATE_OF_DEPOSIT"
"4455.24","412","976","13789162","0.0","CHECKING"
"2223.3","533","977","57583190","0.0","MONEY_MARKET"
"447.52","617","978","49479227","0.0","RETIREMENT"
"8118.37","391","979","27679669","0.0","CHECKING"
"2821.95","412","980","51300867","0.0","BUSINESS"
"2791.68","420","981","48379066","0.0","CHECKING"
"11916.68","365","982","41096126","0.0","BUSINESS"
"13056.66","265","983","89643583","0.0","SAVINGS"
"1373.4","578","984","63489861","0.0","RETIREMENT"
"8424.14","423","985","40504062","0.0","BUSINESS"
"9810.87","546","986","31707800","0.0","MONEY_MARKET"
"1781.62","288","987","34622810","0.0","BUSINESS"
"1274.58","278","988","31914621","0.0","CERTIFICATE_OF_DEPOSIT"
"11116.15","151","989","92419535","0.0","CERTIFICATE_OF_DEPOSIT"
"472.64","405","990","86819489","0.0","SAVINGS"
"3623.22","405","991","60848681","0.0","BUSINESS"
"3580.01","278","992","57638709","0.0","CHECKING"
"1634.33","287","993","11191885","0.0","RETIREMENT"
"1977.9","271","994","43451471","0.0","CERTIFICATE_OF_DEPOSIT"
"10011.89","267","995","63175198","0.0","MONEY_MARKET"
"158.55","492","996","28908899","0.0","CHECKING"
"10697.84","557","997","24851676","0.0","SAVINGS"
"9429.09","306","998","92291039","0.0","CHECKING"
"2833.13","304","999","50335611","0.0","MONEY_MARKET"
"13567.87","163","1000","10644173","0.0","SAVINGS"
