"ADDRESS","EMAIL","ID","NAME","PHONENUMBER"
"40576 Vernon Glen","rocky.schmitt@gmail.com","1","Miss Ronny Moen","491.117.2377 x2757"
"144 Diedre Loaf","robbie.wolff@gmail.com","2","Robert Stanton","(968) 142-2234 x03156"
"593 Hills Cliffs","sam.crist@gmail.com","3","Troy MacGyver","1-787-070-4112 x4031"
"3808 Ninfa Mountains","effie.harris@yahoo.com","4","Liane Smith","012.521.8489 x19127"
"1654 Gutkowski Trafficway","karan.cremin@hotmail.com","5","Danelle Abshire","(215) 368-5698 x242"
"956 Leroy Island","frankie.kshlerin@hotmail.com","6","Mr. Sebastian Keebler","228.764.0087"
"85002 Cole Ford","danielle.stark@yahoo.com","7","Ms. Kenton Halvorson","1-363-897-7123 x33728"
"103 Kovacek Extensions","ashleigh.baumbach@hotmail.com","8","Donte Koepp","1-899-365-8918 x03466"
"865 Block Unions","richie.hintz@yahoo.com","9","Maddie Runte","697-658-6629"
"5977 Francoise Drive","kassandra.kuhic@gmail.com","10","Kenyetta Ritchie","737-465-9046 x4464"
"78803 Marylouise Trafficway","adeline.botsford@hotmail.com","11","Emmett Schoen","(592) 741-2729"
"42873 Jolynn Shore","angelia.roob@gmail.com","12","Byron Stracke","120-443-6465"
"197 Willodean Meadows","delpha.weissnat@yahoo.com","13","David Hessel V","091-679-6977"
"293 Samatha Ridge","edmund.lesch@hotmail.com","14","Henry Bahringer","908.994.1325 x9063"
"2185 Elbert Trail","alfreda.kuhn@yahoo.com","15","Norbert Heaney PhD","1-822-688-0107 x31887"
"00186 Odis Unions","deshawn.hilll@hotmail.com","16","Clara Paucek Jr.","857-761-2432"
"417 Streich Shoal","wilbert.dubuque@hotmail.com","17","Mel Lynch","468.526.2595 x25066"
"828 Alethea View","loriann.emard@yahoo.com","18","Leisha Boehm","930.054.0694 x033"
"054 Curt Fall","robbi.stehr@hotmail.com","19","Dr. Johnie Keeling","497.960.0938 x2802"
"9742 Darleen Lock","carl.lindgren@gmail.com","20","Jose Schneider","034.842.6143 x8767"
"7545 Treutel Ports","tanesha.quitzon@hotmail.com","21","Joshua Emmerich","(981) 812-1560 x13241"
"0233 Cassin Landing","edyth.trantow@hotmail.com","22","Leonel Gleichner MD","1-419-377-1993"
"482 Jacobi Springs","garrett.walsh@yahoo.com","23","Dr. Fidelia Wuckert","747-634-4239"
"55888 Wiza Islands","kendra.oreilly@yahoo.com","24","Penny Ankunding","955.665.3963"
"91638 Hoppe Mills","dirk.lehner@yahoo.com","25","Alysha Hilll","(113) 592-9949 x108"
"353 Gulgowski Viaduct","willodean.mcclure@yahoo.com","26","Duncan Gutkowski","698-841-9909 x795"
"4719 Everette Shoals","tyron.emmerich@gmail.com","27","Jess Stokes IV","834.486.3005 x3185"
"60014 Adrianna Drive","delbert.cummerata@gmail.com","28","Marylynn Kertzmann MD","(908) 345-3208"
"22906 Mayert Stravenue","dennis.kirlin@yahoo.com","29","Selina Lesch MD","234-380-7712 x730"
"6517 Mi Well","bret.watsica@yahoo.com","30","Yan Crooks","(866) 883-7612 x8948"
"75589 Vernon Path","sarai.schmidt@yahoo.com","31","Alvin Dooley","736.481.4751 x568"
"7692 Corkery Ramp","robbie.kuhic@yahoo.com","32","Mr. Nicholle Langosh","1-504-818-5763 x01612"
"083 Feil Crossroad","alleen.marvin@yahoo.com","33","Tambra Hudson","020.216.4009"
"395 Hettinger Row","fermin.hermiston@yahoo.com","34","Jacalyn D'Amore I","632-817-6368"
"407 Loma Burgs","dion.stracke@gmail.com","35","Brenton Predovic","468-371-9999 x60617"
"8562 Ebert Island","evan.bruen@hotmail.com","36","Miss Beverlee O'Kon","(555) 157-2708"
"48163 Walter Stream","andria.willms@gmail.com","37","Darell Reichel","490-368-5643 x217"
"51514 Ward Pass","joslyn.bradtke@gmail.com","38","Jess Mills","080-208-6401"
"070 Tracey Prairie","lyman.lueilwitz@hotmail.com","39","Adah Pacocha","507-884-0456"
"068 Mallie Meadow","maye.murphy@gmail.com","40","Billy Pollich MD","120-312-8568 x221"
"618 Swift Ports","isaiah.rau@hotmail.com","41","Sung Mohr","(481) 744-8093"
"483 Jacinto Burgs","claudio.gibson@hotmail.com","42","Victor Parker","(467) 922-8234 x53724"
"963 Marilee Rapids","darron.conroy@yahoo.com","43","Ms. Margeret Durgan","(934) 085-6766 x764"
"80147 Reynolds Fall","lucrecia.johnston@gmail.com","44","Seth Powlowski Sr.","1-586-248-6872"
"73770 Schultz Tunnel","stepanie.lubowitz@gmail.com","45","Jamal Larkin","893-147-3336"
"32887 Tuan Fords","bernardina.moen@hotmail.com","46","Rosemarie Mayert Jr.","(369) 203-3094 x07687"
"62196 Schaefer Turnpike","ben.batz@yahoo.com","47","Mr. Coleen Bahringer","1-628-538-6520 x757"
"4604 Heidenreich Garden","carson.leannon@hotmail.com","48","Edmundo Hermann I","457.933.6593"
"13013 Lakiesha Villages","vaughn.reichert@hotmail.com","49","Robbyn Beier","767-637-5014"
"6062 Jay Village","iraida.herzog@gmail.com","50","Darren Fritsch","1-273-977-9225"
"4022 Torp Key","avis.botsford@yahoo.com","51","Alecia Becker","303.228.0997"
"678 Upton Ford","adrianne.reichert@gmail.com","52","Matilda Kertzmann","(316) 608-0129"
"4044 Purdy Falls","loralee.johnston@yahoo.com","53","Monte Mitchell","(214) 068-5264"
"29682 Robin River","micki.bernier@yahoo.com","54","Lonnie Koelpin","1-246-908-7827 x601"
"3636 Kemmer Centers","houston.morar@gmail.com","55","Jason Waters","1-269-492-4453 x64109"
"75823 Beatty Orchard","fritz.little@hotmail.com","56","Torri Christiansen","574-913-9240 x57210"
"8607 Kreiger Trail","clotilde.lockman@yahoo.com","57","Mrs. Antonia Gulgowski","(244) 574-5827"
"050 Little Crest","jorge.dietrich@yahoo.com","58","Emerita Stroman","1-424-614-0137 x82051"
"4250 Labadie Parks","curt.kutch@yahoo.com","59","Van Schneider","655-861-5959"
"28138 Dooley Mews","leif.price@hotmail.com","60","Larue Homenick","405.745.4055 x663"
"045 Breitenberg Divide","paris.prosacco@yahoo.com","61","Ola Strosin","104-778-5697"
"121 Antione Rest","earle.bechtelar@hotmail.com","62","India Ward","1-683-731-6737 x24044"
"507 Ramonita Radial","gigi.quitzon@yahoo.com","63","Kathrin Smith PhD","984-161-3935 x9615"
"68129 Cheyenne Oval","leeanne.gutmann@yahoo.com","64","Mr. Lorenzo Dach","(802) 063-7935 x69167"
"1783 Hahn Plain","benjamin.price@gmail.com","65","Bernardo Doyle","388.464.1120 x396"
"049 Langworth Views","vida.towne@hotmail.com","66","Mr. Nelle Rodriguez","(440) 388-2315"
"82894 Georgie Ville","hector.wuckert@yahoo.com","67","Valentin Kassulke","865-201-4076"
"49814 Jaime Brooks","calista.barrows@hotmail.com","68","Rhoda Ortiz","984-809-0952 x1218"
"35945 Gutmann Ridges","ethelyn.kihn@gmail.com","69","Grisel Bechtelar PhD","527.658.6815"
"5130 Cary Causeway","estella.durgan@hotmail.com","70","Hugh Jenkins","(784) 938-4988 x0521"
"35929 Schmeler Knoll","tula.sipes@hotmail.com","71","Jorge Zemlak","1-279-709-6945"
"261 Homenick Flat","karole.leffler@hotmail.com","72","Mechelle Macejkovic","389-926-2038 x07157"
"0809 Fritz Inlet","carey.hodkiewicz@hotmail.com","73","Mr. America Corkery","794.803.3414 x86805"
"349 Nicola Trace","vernon.gislason@yahoo.com","74","Wm Terry","311.829.0354 x9883"
"94750 Witting Mountains","armida.friesen@yahoo.com","75","Antwan Hoppe","434-226-6884 x020"
"2124 Kutch Inlet","deshawn.glover@hotmail.com","76","Ezequiel Collier Sr.","376.523.8794"
"135 Vonnie Highway","august.welch@gmail.com","77","Dr. Gerard Schultz","096.439.6255 x09986"
"3132 Cartwright Fort","graham.wiegand@gmail.com","78","Rosalee Boyle","(754) 339-7147 x0947"
"813 Marquardt Mount","linnea.jacobs@hotmail.com","79","Timika Schumm","316.583.3405"
"1460 Fawn Turnpike","svetlana.kerluke@gmail.com","80","Cinda Price","298.615.4890 x8006"
"14094 Jackelyn Tunnel","dinorah.boyle@yahoo.com","81","Miss Sherman Cummerata","803-179-6752 x8926"
"18485 Kulas Ports","wilbur.pagac@hotmail.com","82","Porsche Kovacek","1-480-174-1333 x37413"
"03251 Ortiz Hills","megan.veum@yahoo.com","83","Angelena Zulauf","1-421-008-4589 x464"
"8440 Roob Drives","milford.rodriguez@hotmail.com","84","Kizzy Mante V","(631) 776-7947 x14161"
"951 Bella Keys","mckenzie.green@yahoo.com","85","Joe Carter","1-773-938-3685"
"701 Clarence Road","bobby.schiller@hotmail.com","86","Mr. Franklin Klocko","356-259-1983 x73799"
"376 Alphonse Terrace","kristian.hilpert@yahoo.com","87","Thora Schulist","(332) 827-2134 x4967"
"51838 Adams Bridge","shakita.wisoky@hotmail.com","88","Tona Kub","(572) 870-1767 x4618"
"69282 O'Keefe Turnpike","caron.stehr@hotmail.com","89","Otha Nicolas","066-511-1348"
"507 Hirthe Ridges","nova.brown@hotmail.com","90","Marin Hilll I","457.538.1772 x636"
"2592 Robel Avenue","aaron.dibbert@gmail.com","91","Ettie Feil","(203) 210-7839 x64205"
"7787 Margie Turnpike","dakota.pagac@gmail.com","92","Davis Mann","1-786-670-4333"
"9836 Aufderhar Square","lenna.metz@hotmail.com","93","Gladis Bosco","248-455-8318 x47476"
"061 Bailey Trail","renaldo.ziemann@gmail.com","94","Janene Baumbach IV","514-652-5276"
"9119 Al Cove","sandy.von@hotmail.com","95","Ericka Block","1-333-338-0422 x2537"
"03213 Kuhic Glens","gerard.beier@yahoo.com","96","Gino Gaylord","1-195-595-5610 x31020"
"365 Runolfsson Junctions","harold.bednar@gmail.com","97","Ria Mraz MD","615.506.1290 x92738"
"160 Romaguera Track","annalee.hettinger@yahoo.com","98","Milagro Lynch","288.677.0154"
"72321 Kandy Road","clement.nolan@yahoo.com","99","Macy Stiedemann","196-119-3471 x8473"
"0723 Armstrong Hills","hiram.lang@gmail.com","100","Chase Flatley","928.345.0982"
"4961 Shields Square","dominica.kirlin@hotmail.com","101","Barry Bergstrom","1-525-291-1132 x85209"
"2734 Kit Summit","jeniffer.gorczany@gmail.com","102","Sybil Pollich","(075) 173-5323"
"476 Mayer Burgs","fransisca.wuckert@gmail.com","103","Kara Borer III","148.434.0856 x134"
"419 Douglas Glen","kiera.grimes@yahoo.com","104","Mandy Kihn","103-062-2103"
"483 Rolf Crossing","leroy.wiegand@yahoo.com","105","Chas Fritsch","228-125-9140 x44978"
"485 Eusebio Turnpike","frankie.torphy@hotmail.com","106","Theo Beier I","642.738.7256"
"805 Arlie Dale","broderick.adams@hotmail.com","107","Ignacio Haag","734.367.3641 x982"
"586 Lester Curve","mohamed.ruecker@yahoo.com","108","Barry Altenwerth IV","(064) 303-6022"
"28168 Cummings Key","joey.kemmer@yahoo.com","109","Nana Conn","(935) 182-0593 x22391"
"172 Tana Cape","gilberte.heathcote@hotmail.com","110","Denice Ferry","(918) 810-9346"
"7329 Langworth Inlet","jenice.kirlin@hotmail.com","111","Quinn Prosacco","(078) 318-9036 x8368"
"9873 Roob Highway","addie.frami@yahoo.com","112","Granville Schneider PhD","947-610-1639"
"2142 Vallie Lake","grady.becker@hotmail.com","113","Albert Witting","1-825-642-1676"
"331 Royal Forest","carey.senger@gmail.com","114","Noel Ward PhD","(314) 557-0301"
"62186 Howe Freeway","sam.murazik@gmail.com","115","Gary O'Reilly Sr.","065.712.8417 x1565"
"78459 Bailey Mills","kristan.littel@yahoo.com","116","Ms. Chrystal Gerlach","1-866-912-1504"
"3962 Percy Summit","treena.stamm@gmail.com","117","Tarra Pollich","1-086-279-8724 x59598"
"49756 Von Causeway","mickey.shanahan@hotmail.com","118","Nick Prohaska III","1-360-903-6818"
"19795 Alissa Valley","howard.emmerich@yahoo.com","119","Ernie Marvin DDS","(905) 202-2506 x644"
"4537 Legros Prairie","asha.herzog@hotmail.com","120","Ashlyn Rutherford","747.395.9774 x8381"
"4865 Reinger Court","brigitte.hettinger@hotmail.com","121","Mrs. Lester Daniel","1-466-704-6699"
"8405 Natalya Streets","keenan.yundt@yahoo.com","122","Mohammed Cole","1-180-850-7237"
"2467 Augustine Meadow","shanon.altenwerth@yahoo.com","123","Lionel Gusikowski","1-517-548-3443 x91672"
"114 Brown Shore","bobbie.ankunding@yahoo.com","124","Gerald Shanahan","693.095.8213"
"436 Blaine Port","guillermo.bernhard@hotmail.com","125","Mrs. Otha Sawayn","1-176-188-6196"
"958 Ruecker Hills","renato.kuphal@hotmail.com","126","Walter Toy","(640) 859-2150 x45778"
"0584 Lockman Forges","dino.toy@gmail.com","127","Cathy Bartell","1-351-711-6077 x0681"
"418 Marshall Tunnel","roberto.aufderhar@yahoo.com","128","Octavia Schinner","608-504-3079 x630"
"903 Allen Park","marcela.renner@gmail.com","129","Gavin Stiedemann","059-568-1300 x6564"
"056 Lynch Lock","krysten.russel@gmail.com","130","Christa Pouros","(052) 811-0746 x3811"
"3351 Alaina Lakes","dianne.sporer@hotmail.com","131","Codi Adams","051-262-7054 x766"
"60260 Gwen Plaza","chin.schultz@gmail.com","132","Delmer Brakus V","1-459-161-7777 x01187"
"2415 Velvet Mountain","verna.stehr@yahoo.com","133","Winford Moen","349.783.2722 x82389"
"1072 Cierra Land","pablo.bruen@yahoo.com","134","Brandon Brekke PhD","1-118-841-7644 x8539"
"6052 Carrol Drive","freddie.marks@yahoo.com","135","Obdulia Feil","(684) 081-8416 x860"
"0657 Rempel Port","george.ortiz@yahoo.com","136","Gregory Tremblay","528.207.8750 x609"
"2120 Logan Villages","benton.runolfsson@gmail.com","137","Miss Sharell Lemke","(227) 686-0318 x85693"
"54014 Ollie Spurs","alethia.mckenzie@gmail.com","138","Sang DuBuque","550-405-2403"
"559 Leonel Shoals","rusty.schaden@hotmail.com","139","Lorenza Price","841-569-9296"
"6268 Renner Hollow","bradly.lesch@yahoo.com","140","Carlo Conn","(078) 244-9755"
"4265 Orville Stream","shery.wilkinson@yahoo.com","141","Mr. Wilton Goyette","829.509.7985 x90828"
"889 Cremin Lights","barry.zboncak@gmail.com","142","Ms. Elenora Stamm","265.485.0151"
"14023 Upton Drive","eliana.howe@hotmail.com","143","Pearlene Hermiston","102.766.7547"
"67101 Oren Glens","gino.upton@gmail.com","144","Miss Lashawn Goldner","877.302.8449"
"614 Alberto Rest","nigel.gleason@gmail.com","145","Mr. Ted Koepp","1-147-855-5438 x744"
"556 Herzog Valley","carola.bartoletti@yahoo.com","146","Merrill Gutmann","385.643.4387 x345"
"311 Hartmann Street","kesha.kshlerin@gmail.com","147","Mrs. Ali Armstrong","(798) 811-4082 x991"
"32112 Marcia Village","rene.harber@gmail.com","148","Taylor Schoen","529-850-3882 x84909"
"36795 Cherise Land","ocie.hettinger@yahoo.com","149","Clyde Pfannerstill","1-993-912-0570 x42439"
"89056 Marleen Summit","lashon.gottlieb@hotmail.com","150","Mira McLaughlin","(476) 191-1608 x9806"
"745 Raynor Cape","silas.cormier@hotmail.com","151","Lyman Schneider V","437.368.4237 x480"
"6528 Jones Groves","leandro.rice@hotmail.com","152","Xavier Yost III","1-841-174-4076 x292"
"97921 Abernathy Knolls","kacey.barrows@gmail.com","153","George Wiegand","466.870.2707 x393"
"8791 Schaefer Mills","sung.abernathy@gmail.com","154","Ms. Ophelia Harber","1-494-037-8707 x718"
"1414 Chae Heights","andres.bashirian@hotmail.com","155","Lyndsay Rogahn","1-346-482-7301"
"11005 Kacey Motorway","zack.kutch@gmail.com","156","Jess Glover","(490) 340-1121 x841"
"82411 Manual Row","eddie.bartoletti@hotmail.com","157","Dr. Gonzalo Padberg","1-702-338-1229 x16648"
"5984 Ratke Village","matthew.rath@yahoo.com","158","Ms. Shonta Smitham","974-010-6507"
"535 Ankunding Cove","luis.wisoky@yahoo.com","159","Cletus Connelly","473.447.5907 x42117"
"756 Lucien Circles","phyllis.herzog@gmail.com","160","Shawna Nienow","538-061-5343 x82164"
"9533 Abshire Forge","vincenzo.romaguera@hotmail.com","161","Taylor Grady","(228) 714-1485"
"46548 Marquerite Village","orval.bartell@gmail.com","162","Bernard Conn Sr.","(890) 141-7062 x10512"
"2916 Florencia Trace","jody.konopelski@yahoo.com","163","Abram Boyle","(595) 551-1048"
"002 Ashley Road","federico.wyman@hotmail.com","164","Ruthanne Blanda","550.767.1737 x19883"
"84127 Victor View","janis.luettgen@yahoo.com","165","Louie Cruickshank","(886) 410-8341 x70785"
"10125 Joellen Plaza","jeremy.cronin@gmail.com","166","Mr. Latanya Marquardt","552-764-3624 x15380"
"712 Virgilio Square","harrison.tromp@hotmail.com","167","Marianela Wisozk Jr.","(664) 167-6886"
"55159 Kub Mall","janella.schuster@hotmail.com","168","Kena Champlin Sr.","147-030-4637 x88610"
"258 Tremblay Center","troy.osinski@yahoo.com","169","Arthur Ernser","1-937-113-3164 x1058"
"9040 Mabel Harbors","terese.renner@hotmail.com","170","Milagro Green","313-722-0929"
"79764 Meda Greens","malcolm.streich@gmail.com","171","Horace Hagenes","629.037.0529"
"84300 Marjorie Loaf","natacha.champlin@yahoo.com","172","Dalene Rohan","770-202-0495 x3131"
"24578 Dooley Squares","voncile.fahey@gmail.com","173","Alise Mayert","1-584-289-6903"
"992 Aufderhar Trace","jana.becker@yahoo.com","174","Eric Brekke","614.335.5364"
"54336 Bednar Port","cindy.dooley@hotmail.com","175","Shiloh Frami","589-630-2044 x952"
"823 Jay Oval","althea.ryan@yahoo.com","176","Ben Stehr","623.506.4264"
"42539 Bergnaum Plain","enrique.ferry@gmail.com","177","Arron Morissette","601.720.3527 x0893"
"77175 Jast Parkway","catrice.pouros@hotmail.com","178","Audrie Hoeger","145.633.6275"
"266 Lind Square","shona.lynch@yahoo.com","179","Justin Gibson","(400) 310-1478 x4677"
"1163 Van Lodge","emily.kilback@gmail.com","180","Mrs. Darnell Erdman","1-340-264-9918 x7207"
"2261 Stoltenberg Isle","berna.yost@gmail.com","181","Maggie Bartell","266-405-2025"
"6258 Kristofer Inlet","yong.gutkowski@yahoo.com","182","Gavin Mueller","(090) 922-8905 x6013"
"9688 Ching Stravenue","zoraida.wisozk@gmail.com","183","Alberto Tromp","630.317.8764 x27096"
"9374 Gerlach Stream","ward.kovacek@yahoo.com","184","Anjanette Jacobs","(800) 206-8174 x400"
"2150 Halvorson Gardens","elida.bernhard@gmail.com","185","Jeffery Cole","341.275.2399 x50068"
"24630 Hickle Ports","whitney.mann@hotmail.com","186","Chante Ebert","026-358-1611 x3764"
"39795 Salome Canyon","darleen.friesen@hotmail.com","187","Alanna Borer","1-312-914-4091"
"3844 Fausto Mission","arnita.tromp@gmail.com","188","Emmy Herman II","1-658-947-9061"
"35780 Okuneva Shoal","erica.paucek@yahoo.com","189","Lacey Orn","871.487.4024 x14952"
"848 Harrison Rue","joshua.hettinger@yahoo.com","190","Chad Flatley II","896.753.2306"
"46494 Rutherford Junction","carlo.beatty@yahoo.com","191","Laveta Gleichner V","140.464.8494"
"0135 Ondricka Grove","zena.wolff@gmail.com","192","Kanisha Little","1-773-161-8487"
"2387 Dwayne Mill","corinne.stehr@hotmail.com","193","Joanie Gerhold","(118) 143-7218 x11109"
"9102 Cummings Ridge","lavonia.hilll@gmail.com","194","Marisa Runolfsdottir I","729-543-6952 x45092"
"0305 Courtney Oval","roxie.turcotte@yahoo.com","195","Mr. Margarito Robel","044-046-2521"
"0013 Ullrich River","emmett.hoppe@yahoo.com","196","Jessie Hermiston","(440) 624-7302 x845"
"03094 Modesto Knoll","elwanda.haley@hotmail.com","197","Theron Abernathy I","1-068-302-5131 x44362"
"387 Hortencia Land","tinisha.renner@gmail.com","198","Monty Schowalter","499-333-9980 x9520"
"8309 Noelia Rapid","margaretta.beier@gmail.com","199","Shelton Homenick","672-162-5164 x69086"
"6752 Schumm Shoal","almeda.balistreri@hotmail.com","200","Booker Spencer PhD","837.824.5128 x4742"
"95183 Gorczany Plains","bruno.blick@hotmail.com","201","Pearly West","884.342.1735 x4466"
"8856 Bobby Cove","martin.ryan@gmail.com","202","Mrs. Norberto Stokes","(952) 776-0963 x2664"
"0849 Fernando Courts","silas.mclaughlin@yahoo.com","203","Mrs. Colby Hintz","988-868-2706"
"24569 Lashanda Prairie","jolynn.bechtelar@hotmail.com","204","Gertrud Reynolds","353-853-6104 x64665"
"9940 Beier Wells","caren.bauch@yahoo.com","205","Mr. Stephen Sipes","(615) 666-9358 x5794"
"68467 Deckow Turnpike","antione.hermiston@yahoo.com","206","Serena Borer","1-153-232-3485 x8948"
"42849 Anabel Mountains","bill.green@hotmail.com","207","Dr. Carmine Emmerich","(679) 854-1170 x137"
"9945 Sharilyn Cliff","cyrstal.lowe@yahoo.com","208","Coleman Wiza","174-219-4806"
"9088 Natalia Mountain","josue.deckow@yahoo.com","209","Nolan Ullrich III","(654) 077-9936 x5881"
"262 Lehner Village","betty.nicolas@yahoo.com","210","Conchita Heller","1-507-548-6521"
"04542 Tambra Summit","dacia.christiansen@hotmail.com","211","Salvador Klocko","897-684-2009 x530"
"26646 Terence Rest","lala.osinski@hotmail.com","212","Saran Dare III","088.628.7652 x5757"
"37181 Tari Lane","martine.orn@gmail.com","213","Edmund Schuster","143.299.2144 x82101"
"845 Simon Green","porfirio.gulgowski@gmail.com","214","Isabel Stehr","(439) 285-9949 x2762"
"40976 Cammie Vista","erasmo.abshire@gmail.com","215","Dr. Sammy Boyle","789-358-0537 x18524"
"96274 Lesley Shores","clayton.veum@gmail.com","216","Bobbie Leffler Sr.","1-292-325-5795 x4638"
"927 Fadel Locks","dario.hudson@yahoo.com","217","Miss Kandis Miller","(117) 107-1622"
"363 Durgan Avenue","dylan.russel@yahoo.com","218","Eduardo Legros Jr.","664-052-6444"
"2775 Jefferson Valley","ricki.fahey@yahoo.com","219","Irwin Ernser V","222.316.7154"
"0696 Anderson Forest","sharell.heaney@gmail.com","220","Christal Gibson","582.484.6607"
"504 Keeling Ridge","russ.bauch@hotmail.com","221","Eugenio Mann","1-955-979-1565 x8170"
"71277 Armstrong Junction","rosanna.price@gmail.com","222","Ms. Carol Larson","814.337.7194 x30702"
"60660 Ellsworth Turnpike","zetta.sanford@hotmail.com","223","Alejandra D'Amore","058-995-1213 x39311"
"0306 Harvey Common","rueben.schuppe@hotmail.com","224","Edelmira Corkery","1-016-189-7771 x28952"
"29863 Basil Shoals","phil.harvey@hotmail.com","225","Elda Schmitt III","873-144-3637 x26116"
"490 Tyler Gateway","misty.dicki@yahoo.com","226","Cesar Pfeffer","267.950.2983 x50191"
"63073 Suzy Valley","augusta.langworth@yahoo.com","227","Rona Schimmel","1-929-494-8412 x5700"
"069 Minh Glens","sanford.gleason@hotmail.com","228","Jeanine Doyle","(114) 490-4873"
"1043 Kuhlman Road","lorene.howe@yahoo.com","229","Mrs. Clarence Huel","(358) 023-7335 x0396"
"21199 Vicky Spurs","katina.kuhic@hotmail.com","230","Tynisha Schiller","(511) 325-8799 x4281"
"0451 Swaniawski Rue","randall.durgan@gmail.com","231","Josh Watsica DDS","456-999-5853 x95714"
"2378 Shanelle Greens","nelly.hartmann@gmail.com","232","Antonio Kihn","854-149-4636 x04855"
"30897 Fadel Mount","elden.kris@yahoo.com","233","Timothy Kuhn","(684) 231-4352"
"083 Fernando Canyon","herbert.mohr@hotmail.com","234","Markus Daniel","033.246.8251 x3601"
"932 Daniele Extension","buck.dicki@yahoo.com","235","Adena Rutherford MD","532-055-6284 x689"
"768 Tamela Street","phillip.bednar@hotmail.com","236","Parthenia Johnston","668.518.7713 x950"
"70460 Cleopatra Lane","karyn.koepp@gmail.com","237","Jule Cormier","1-769-755-6533 x3090"
"733 Eusebio Orchard","ivory.boyer@hotmail.com","238","Mrs. Horacio Nienow","411-591-7171 x848"
"4499 Sherika Village","twila.reinger@hotmail.com","239","Ronni Cole","534.257.7073 x4080"
"993 Schamberger Street","nisha.torphy@gmail.com","240","Rosalie Ritchie DDS","1-156-059-7433 x080"
"582 Delfina Divide","oscar.schultz@yahoo.com","241","Cynthia Padberg","960-827-9060 x980"
"515 Gusikowski Shoal","kemberly.flatley@yahoo.com","242","Ms. Wilfredo Skiles","(599) 634-3618 x086"
"388 Mervin Rue","eliseo.erdman@gmail.com","243","Errol Labadie","1-320-251-5873"
"4082 Kendrick Freeway","gail.krajcik@yahoo.com","244","Miss Patti Dicki","698.665.8294"
"0308 Hayden Road","cristobal.toy@gmail.com","245","Cortney Zulauf","1-292-596-8503"
"8472 Ortiz Loaf","willard.keeling@yahoo.com","246","Dominique Sawayn","667-515-4302 x77761"
"77308 Forrest Trail","shayne.renner@yahoo.com","247","Ms. Malcom Mohr","1-236-785-6426 x68188"
"159 Ruth Dale","norene.stamm@gmail.com","248","Sherry Ward DVM","089-281-5904"
"700 Hansen Viaduct","eulah.schimmel@yahoo.com","249","Marlin Parker III","063.414.6548 x177"
"265 Lubowitz Stravenue","fatimah.mills@hotmail.com","250","Blair Schulist","(810) 939-9951 x67522"
"43430 Otto Radial","amee.stokes@gmail.com","251","Dr. Gino Lakin","1-572-831-7125"
"335 Turcotte Mountain","earlene.jones@yahoo.com","252","Orval Rodriguez","286-127-3333"
"641 Dara Loaf","carlotta.conroy@yahoo.com","253","Cedric Ferry","378-341-6830"
"93188 Bode Bridge","johnathan.kulas@gmail.com","254","Suanne Kshlerin","010-859-0517 x53258"
"79396 Toy Ford","reinaldo.larson@gmail.com","255","Wesley Green","1-825-380-0380"
"216 Reynolds Inlet","shawnna.thiel@gmail.com","256","Karl Schamberger DDS","1-249-527-3498 x31406"
"88567 West Plains","marcellus.wehner@yahoo.com","257","Elliott Muller MD","210-105-3930 x62443"
"800 Lehner Branch","teodoro.koch@yahoo.com","258","Ricardo Heidenreich IV","790-644-0314 x7187"
"2470 Erlene Route","lance.boyer@hotmail.com","259","Lindsay Lockman","100.369.6307"
"166 Jill Valley","asuncion.kilback@hotmail.com","260","Verda Purdy","(505) 931-8776"
"25057 O'Conner Junction","sherry.hodkiewicz@hotmail.com","261","Sydney Medhurst","937-975-8747"
"2957 Weissnat Isle","elvin.donnelly@gmail.com","262","Lucrecia Frami","118-709-6980"
"6274 Roberto Summit","minh.ferry@hotmail.com","263","Mr. Apolonia Bode","1-745-611-3063 x42021"
"159 Keenan Land","gary.kuphal@hotmail.com","264","Ivey Altenwerth","1-582-212-0247"
"2452 Faviola Mall","asley.trantow@yahoo.com","265","Brad Kreiger","1-585-968-0310 x0847"
"821 Saul Rapid","audrie.simonis@hotmail.com","266","Fermina Marvin","(398) 115-3090 x349"
"28707 Cyrus Lights","claude.west@hotmail.com","267","Ines Lakin","(338) 844-4947"
"38915 Feest Drive","melisa.blanda@hotmail.com","268","Frida Ruecker","1-300-463-5976"
"6026 Waelchi View","cherise.wiegand@hotmail.com","269","Hiroko Kunze Sr.","833-762-6871 x992"
"15834 Sharan Wells","kimiko.simonis@hotmail.com","270","Roger Mueller","727.445.7677 x2782"
"8684 Ira Ridge","thomasine.oconnell@gmail.com","271","Hortense Mohr","1-034-268-1155 x819"
"962 O'Kon Highway","stuart.kihn@hotmail.com","272","Corliss Bergstrom","842.762.7434 x5742"
"096 Marlene Union","ruby.pfannerstill@hotmail.com","273","Eddie Deckow","214-835-0372 x07343"
"71787 Lisa Rue","dennis.fritsch@yahoo.com","274","Jeramy Reichel DDS","846.184.4407 x0171"
"36532 Kulas Port","king.quigley@hotmail.com","275","Janelle Medhurst","512.243.5914 x33953"
"13563 Abshire Rue","refugio.mohr@yahoo.com","276","Jannie Kling","029.158.1475 x1317"
"5016 Sawayn Ways","dudley.breitenberg@gmail.com","277","Genaro Carroll DVM","(548) 751-5247 x87190"
"6432 Ronda Parkway","regine.harvey@hotmail.com","278","Junior Gerhold Sr.","673-973-6966"
"4072 Gail Vista","leland.goldner@yahoo.com","279","Miyoko Osinski","1-839-322-5407 x9593"
"856 O'Hara Street","reed.cruickshank@gmail.com","280","Dr. Fredrick Glover","787-735-4880 x4583"
"663 Royal Club","heriberto.veum@yahoo.com","281","Faustino Spinka DDS","269-926-3375"
"580 Son Row","vicky.pagac@gmail.com","282","Antony Klocko DVM","515-628-5738 x3732"
"252 Hintz Pike","hai.jones@yahoo.com","283","Dr. Rueben Gaylord","998.750.6077 x414"
"44335 Bashirian Turnpike","sacha.daniel@hotmail.com","284","Hortense Heathcote MD","138.140.0478"
"441 Bartell Isle","gaston.hintz@gmail.com","285","Lance Hoeger","1-242-034-2357 x0676"
"31311 Byron Wall","napoleon.brekke@gmail.com","286","Floyd Champlin","933.640.0248"
"973 Beahan Creek","johnnie.heaney@gmail.com","287","Corey O'Connell","1-963-872-9281 x9632"
"8301 Koelpin Views","sanora.wunsch@gmail.com","288","Mr. Erica Kautzer","153.348.4846 x0901"
"88443 Wiegand Ports","alonso.dietrich@yahoo.com","289","Sophie Windler","(959) 413-0292 x612"
"3140 Hirthe Parkway","august.satterfield@gmail.com","290","Mohammad Wilkinson","1-918-691-2675 x9573"
"05819 Rey Turnpike","shanita.hoppe@gmail.com","291","Birgit Keeling","1-517-630-0265 x841"
"09751 Paucek Mountains","amado.grant@yahoo.com","292","Francesca Jaskolski Sr.","1-178-445-3694"
"6042 Little Mountains","kenna.berge@hotmail.com","293","Julietta Nader","358-579-7420 x37297"
"904 Howell Heights","ivory.bernhard@yahoo.com","294","Antoine Bruen","758.685.2784 x86967"
"83010 William Mount","windy.braun@hotmail.com","295","Carlee Lemke","836.890.4461 x21024"
"5994 Yuonne Plains","nigel.donnelly@hotmail.com","296","Damon McLaughlin","1-150-240-9431"
"618 Lueilwitz Inlet","claud.mante@yahoo.com","297","Julio Schamberger Jr.","(743) 027-5255"
"98005 Jones Streets","rosanna.parisian@yahoo.com","298","Dr. Chante Bechtelar","(464) 075-0756 x874"
"0383 Cletus Roads","tuan.jerde@gmail.com","299","Darron Becker","092.510.9072"
"8988 Crooks Mills","lavern.sipes@hotmail.com","300","Freeman Stoltenberg","(096) 085-9363 x20198"
"096 Werner Avenue","gabriella.heller@gmail.com","301","Dr. Otto Bergnaum","444-330-6515 x65142"
"64754 Ronna Hills","phillis.hamill@gmail.com","302","Mr. Arthur Zieme","788.437.3314"
"33613 Aurelio Motorway","yvette.kunze@yahoo.com","303","Zack Nader Jr.","340-355-1421 x04312"
"1781 Waldo Prairie","odis.towne@yahoo.com","304","Sol Auer","1-242-123-4466"
"627 Clarissa Corner","maxwell.will@gmail.com","305","Mr. Randal Paucek","113-150-7634 x784"
"74382 Barb Ports","dalton.doyle@yahoo.com","306","Elijah McKenzie Jr.","382.441.2718 x49021"
"164 Quitzon Gardens","earnest.dubuque@hotmail.com","307","Yvette Marks Sr.","(133) 906-5265 x56347"
"74358 Truman Ways","lucas.wolf@yahoo.com","308","Mr. Lionel Sawayn","652-976-4629 x532"
"9840 Manuel Brooks","curtis.marvin@hotmail.com","309","Becky Robel","776-017-3293"
"939 Altenwerth Haven","rosalva.skiles@yahoo.com","310","Darrell Turcotte PhD","422.237.9995 x77762"
"1696 Schamberger Pass","dixie.lemke@yahoo.com","311","Rosalie Klocko","1-452-875-4039 x90970"
"193 Delbert Crossroad","leann.beer@hotmail.com","312","Esteban Daniel","653.949.6745"
"1436 Stroman Field","penni.bednar@gmail.com","313","Ms. Norberto Spinka","1-871-931-8556 x608"
"184 Kenya Estates","serina.maggio@hotmail.com","314","Joseph Halvorson","(949) 757-0032"
"3880 Beatty Pike","dirk.runolfsdottir@hotmail.com","315","Jamal Bogan","886.955.2022 x204"
"79890 Graham Mountains","charlie.price@gmail.com","316","Cheryl Dickens","181.674.0333"
"1851 Jess Mews","grady.johns@yahoo.com","317","Brain Denesik","(804) 171-8156 x7468"
"5091 Ayanna Meadow","jay.kutch@hotmail.com","318","Delaine Kirlin","1-553-011-8126 x08238"
"707 Gibson Stream","bart.torphy@gmail.com","319","Elaine Heidenreich","(384) 226-8567 x53939"
"80701 Abshire Shores","bev.oberbrunner@hotmail.com","320","Scottie Pagac","865.339.7667 x02257"
"18033 Kub Orchard","anton.mccullough@gmail.com","321","Elwanda Williamson","469.402.5852 x1008"
"9725 Marks Loaf","coleen.halvorson@yahoo.com","322","Colby Yost","(094) 904-7623 x8194"
"0649 Levi Coves","karine.fadel@hotmail.com","323","Carl Volkman","(861) 723-0447 x30651"
"94933 Lynetta Manor","val.wehner@hotmail.com","324","Ms. Mickey Orn","144.580.8905 x87402"
"21696 Hane Turnpike","ian.marks@hotmail.com","325","Marcelino Labadie","(207) 976-3043"
"9642 Vandervort Plaza","quintin.lowe@hotmail.com","326","Jennell Carter","962.148.5012 x43263"
"4308 Wendell Center","frank.kilback@gmail.com","327","Laverne Batz MD","(149) 650-6040"
"45157 Smith Drive","taylor.koepp@yahoo.com","328","Santos Wyman","826-973-6253"
"1831 Charlette Islands","garnet.heller@yahoo.com","329","Marcus Witting","(508) 416-6124"
"8353 Bruen Parkway","klara.mohr@hotmail.com","330","Doyle Mueller DVM","1-291-178-8574 x47645"
"61417 Fadel Coves","odette.fisher@gmail.com","331","Erika Hills","1-267-039-4828 x0057"
"8601 Randolph Estate","danille.lindgren@yahoo.com","332","Claribel Bashirian","507.792.6199 x7728"
"8858 Lili Manor","ferdinand.murphy@gmail.com","333","Marcos Kohler","(701) 337-1834"
"32268 Hagenes Stream","daron.anderson@gmail.com","334","Gregorio Wolf","(319) 239-6053"
"9134 Fredia Extension","francis.greenholt@yahoo.com","335","Marquis Wunsch","(096) 263-7293"
"12406 Flatley Pike","sherrill.runolfsson@gmail.com","336","Russ Balistreri","(373) 747-6945 x94895"
"71794 Joye Meadow","glen.leuschke@hotmail.com","337","Keely Tremblay","(906) 041-2820"
"994 Kenneth Walk","demarcus.skiles@hotmail.com","338","Chung Muller","707.998.2359 x831"
"9879 Cruickshank Via","doug.vandervort@hotmail.com","339","Larry Leuschke","221.516.4359"
"5672 Deandra Knoll","lyn.king@hotmail.com","340","Corey Wisoky","040-382-9713 x0980"
"4556 Effertz Plaza","isabel.konopelski@gmail.com","341","Jeremiah Muller","862-939-1139 x018"
"33234 Cassie Tunnel","harland.bode@hotmail.com","342","Elfriede Lynch V","(985) 549-0270 x49563"
"4688 Wilburn Prairie","karine.jenkins@hotmail.com","343","Mr. Justin Mills","1-993-113-0459 x433"
"612 Christia Walk","jan.kris@gmail.com","344","Shea Nitzsche I","1-539-116-4816 x41573"
"203 Helen Square","yung.veum@hotmail.com","345","Ms. Jae Weimann","117-072-4193"
"01388 Cremin Unions","moises.lebsack@yahoo.com","346","May D'Amore","1-028-167-5228"
"0366 MacGyver Creek","lanita.gleichner@hotmail.com","347","Jacelyn Schroeder","(295) 928-7591 x44897"
"1053 Gibson Drives","carroll.douglas@yahoo.com","348","Tamala Kuvalis","390-419-2853 x0064"
"25275 Hilpert Hill","lachelle.emmerich@hotmail.com","349","Valarie Kutch MD","846.344.7614"
"0111 Murray Island","julio.jast@gmail.com","350","Dr. Jerilyn DuBuque","(327) 654-0829 x64551"
"089 Mario Trail","latonia.homenick@yahoo.com","351","Shena Jerde","359.757.8740 x063"
"7034 Shields Knoll","dick.koelpin@hotmail.com","352","Roy Blanda","249-061-0300 x0647"
"11027 Koch Greens","jack.kutch@hotmail.com","353","Andreas Prosacco DVM","(824) 119-1017 x5512"
"98484 Muriel Glen","francis.conn@hotmail.com","354","Stacy Smitham","1-934-073-8785 x945"
"486 Toshiko Harbors","felicita.schowalter@gmail.com","355","Dr. Moriah Tromp","950-477-0356 x016"
"013 Yvette Freeway","marchelle.schumm@hotmail.com","356","Shane White","736-036-3556"
"33554 Schamberger Parkways","erick.stroman@yahoo.com","357","Jeremy Ortiz","1-805-955-5553"
"15170 Adams Lodge","kris.quigley@gmail.com","358","Vina Bayer","237.752.5761 x695"
"388 Turner Crescent","joslyn.harris@yahoo.com","359","Basil Orn","(882) 279-6057 x3626"
"85667 Catherin Overpass","shelli.hettinger@hotmail.com","360","Michel Paucek","(481) 972-6790 x71929"
"688 Price Locks","elwood.watsica@yahoo.com","361","Sidney Little MD","1-170-109-4405 x53264"
"215 Yael Shores","doyle.yundt@gmail.com","362","Ferdinand Pfeffer","489-996-3846 x01740"
"326 Misha Prairie","lorine.schiller@gmail.com","363","Mariah Zboncak","1-694-592-0935 x884"
"87357 Trent Wells","frida.collins@gmail.com","364","Anton Fahey DVM","1-547-593-4322 x134"
"51931 Ervin Flats","hilde.dickens@hotmail.com","365","Jeff McClure I","(619) 668-1476 x01676"
"7804 Cyrus Tunnel","enid.schneider@gmail.com","366","Wilfred Lemke","(473) 844-3979 x782"
"703 Champlin Street","oscar.yost@gmail.com","367","Mrs. Sydney Predovic","1-196-908-2969"
"04830 Anderson Prairie","harry.little@gmail.com","368","Deeann Bogan Jr.","710-754-6392"
"6144 Ritchie Loop","quentin.grimes@hotmail.com","369","Leola Runolfsdottir","617-726-7439"
"33287 Irvin Drive","theo.runte@hotmail.com","370","Mrs. Enoch Harvey","(383) 625-6302 x614"
"209 Tamekia Avenue","ceola.torphy@gmail.com","371","Ms. Federico Murphy","089.445.8832 x125"
"503 Bogisich Courts","anabel.kling@hotmail.com","372","Linnie Rolfson Sr.","1-827-207-8066"
"176 Willms Trace","gregg.oconnell@hotmail.com","373","Alisa Wisozk","1-439-874-2355 x82473"
"3401 Langosh Underpass","ezekiel.conroy@yahoo.com","374","Jarrod Goldner Jr.","(274) 708-3319 x1667"
"6308 Gutkowski Path","domingo.kshlerin@hotmail.com","375","Anton Hilll","237-414-4311 x81792"
"43898 Osinski Drive","guy.mann@gmail.com","376","Lajuana Flatley","356.300.4254"
"96015 Smitham Lock","hien.torphy@yahoo.com","377","Genoveva Goldner","(572) 151-0680"
"93780 Mariana Estates","lavern.brakus@gmail.com","378","Rodrick Johns I","172.258.1794 x048"
"82679 Herzog Spur","oretha.kuhn@gmail.com","379","Huong Stanton","206-794-6147 x2151"
"289 Hailey Station","willie.schiller@yahoo.com","380","Ms. Lino Kerluke","1-834-333-9532 x89519"
"16635 Jakubowski Drive","phebe.bernhard@gmail.com","381","Omar Ernser","1-265-042-9073 x572"
"19456 Lueilwitz Brook","kent.russel@gmail.com","382","Tanya Lockman","(159) 255-4270"
"8704 Maryann Harbor","kennith.auer@hotmail.com","383","Azalee Jacobson","284-885-3638"
"7289 Rosina Cliffs","brendon.dicki@yahoo.com","384","Luetta Mayert","446.176.9549 x02836"
"595 Cummings Point","ambrose.bayer@gmail.com","385","Truman Collins","(306) 045-7106"
"679 Kieth Crossing","vivien.hodkiewicz@hotmail.com","386","Mrs. Louie Rempel","535.373.3574"
"1993 Boehm Estate","ivan.emard@hotmail.com","387","Humberto Schumm MD","600-559-1496"
"6039 Milo Summit","hilma.berge@yahoo.com","388","Abel Lebsack","1-594-500-9659"
"735 Jerome Radial","kirk.von@hotmail.com","389","Guadalupe Collins","(752) 079-1329"
"08183 Conchita Unions","shawana.johnston@hotmail.com","390","Jerold Hintz","(248) 220-9154"
"73414 Kling Locks","kasandra.kertzmann@hotmail.com","391","Mr. Lucius Bradtke","(089) 393-1150 x11800"
"0747 Virgina Glen","arturo.bogan@hotmail.com","392","Brittney Hoppe","1-728-947-5256"
"593 Raymonde Fall","gwenn.braun@gmail.com","393","Nenita Simonis PhD","(356) 083-5194"
"1008 Ghislaine Lodge","spring.hintz@yahoo.com","394","Amelia Maggio","280-794-4906 x80950"
"72801 Tanya Orchard","terence.wolff@hotmail.com","395","Marcelina Kerluke","052-634-3638 x40511"
"56001 Bartell Track","lavonia.abbott@yahoo.com","396","Cathy DuBuque","031-269-9048"
"049 Osinski Spur","laure.mertz@hotmail.com","397","Malka Rosenbaum","(917) 974-5753 x505"
"4971 Cremin Road","zachery.walker@gmail.com","398","Chung Heidenreich","(810) 217-1937 x7831"
"73581 Winston Valleys","karen.mann@yahoo.com","399","Dr. Sang Thiel","(497) 958-6908"
"532 Burl Drive","burl.bogisich@gmail.com","400","Casandra Auer","452-503-8741 x9029"
"589 Kala Path","irwin.oreilly@gmail.com","401","Velda Hahn","(144) 497-5746 x81240"
"38180 Craig Parkway","kourtney.mckenzie@yahoo.com","402","Dr. Cyrstal Murray","579.765.0425"
"6227 Schroeder Spur","robt.weissnat@gmail.com","403","Blair Schowalter","(393) 141-6880"
"144 Dicki Brooks","cyndy.torphy@yahoo.com","404","Mauro Nitzsche","1-810-040-9027"
"8082 Leroy Stravenue","jamey.doyle@yahoo.com","405","Ivory Volkman","1-736-823-8251"
"4106 Russel Avenue","mana.wunsch@hotmail.com","406","Dr. Cruz DuBuque","(056) 457-2664 x331"
"413 Hagenes Tunnel","qiana.armstrong@gmail.com","407","Mrs. Wilford Baumbach","893-984-6028 x257"
"3222 Stracke Plains","howard.altenwerth@gmail.com","408","Jasper Hyatt","890.223.3737 x79197"
"73927 Bins Light","nick.kreiger@gmail.com","409","Franklyn Larson MD","207.970.8815"
"97057 Schowalter Keys","art.blanda@gmail.com","410","Cherlyn Schumm","(733) 609-1810"
"755 Keneth Meadow","gretta.hamill@hotmail.com","411","Dr. Hilario Renner","551-630-5621 x859"
"25806 Kieth Oval","jenise.metz@hotmail.com","412","Eugenio Brekke","713.853.8260"
"70867 Goldner Ports","luigi.prosacco@hotmail.com","413","Marlin Reichert","529.001.2102"
"23350 Mertz Overpass","steffanie.glover@gmail.com","414","Fernando Rosenbaum","349.053.2254"
"254 Jackie Forge","randall.hintz@hotmail.com","415","Craig Gulgowski","937-340-4510"
"491 Demarcus Brooks","arica.osinski@hotmail.com","416","Ashely O'Hara","(293) 446-8340 x4744"
"5769 Garrett Centers","zelma.pouros@gmail.com","417","Judy Blick IV","1-250-486-6091"
"61918 Reilly Inlet","andrew.langworth@yahoo.com","418","Philip Ortiz","169.519.6647 x0390"
"173 Laurine Fall","donn.block@gmail.com","419","Felipe VonRueden","(342) 491-7763"
"6893 Zora Causeway","sylvester.skiles@gmail.com","420","Barry Maggio","144.887.1941 x7704"
"8187 Marg Ports","maurice.satterfield@gmail.com","421","Ahmed Batz","408.635.5111"
"74735 Quitzon Stravenue","cyril.stehr@yahoo.com","422","Earl Morissette","233-319-9407 x942"
"378 Joshua Mountains","shannon.green@yahoo.com","423","Desmond Rowe","589-973-5069 x99245"
"17933 Balistreri Springs","calista.feest@yahoo.com","424","Raul Robel","(658) 521-3675"
"573 Abernathy Light","myron.cronin@yahoo.com","425","Maude Homenick","140-584-0023 x949"
"2144 Marshall Station","latoria.parker@hotmail.com","426","Norbert Hagenes","(743) 314-4701"
"90004 Ericka Inlet","franklyn.boehm@hotmail.com","427","Ms. Jeane Pouros","(994) 694-9903"
"947 Blanda Roads","dori.green@gmail.com","428","Marlon Cassin","(106) 809-1158"
"061 Kenton Falls","taina.bechtelar@hotmail.com","429","Joaquin Bode I","1-259-370-5733"
"53147 Jenine Alley","drew.sauer@hotmail.com","430","Miss Kareem Prohaska","095-092-3001"
"45254 Madison Springs","zoila.mills@yahoo.com","431","Julissa Dickinson","1-151-192-2954"
"140 Frami Isle","lucien.adams@gmail.com","432","Lavon Johns","(678) 770-0112"
"4469 Rodrick Fall","nickie.kub@hotmail.com","433","Waylon Dibbert","1-855-806-9383 x6971"
"02575 Leannon Shoal","prince.thiel@hotmail.com","434","Mrs. Lakisha Gerlach","591-602-0426 x4152"
"9539 Welch Dam","santa.lynch@hotmail.com","435","Cinderella Raynor","943.240.9467"
"1085 Johnston Junction","vernie.swaniawski@gmail.com","436","Ms. Palmer Block","202-130-9805"
"66511 Bartoletti Overpass","viola.brown@yahoo.com","437","Rickey Torphy","1-187-557-7832 x12532"
"26444 Hermann Freeway","francina.donnelly@gmail.com","438","Morris Paucek","956.629.5984"
"055 Matthew Throughway","gia.ohara@yahoo.com","439","Milan Bahringer","(018) 058-5124"
"4943 Merri Stravenue","brian.huels@hotmail.com","440","Christopher Conn","(773) 016-1657"
"38534 Wuckert Plains","ina.wintheiser@hotmail.com","441","Dr. Lauren Cummerata","(223) 557-1302 x02662"
"02756 Reichert Lights","paula.effertz@yahoo.com","442","Valentine O'Kon","498.693.0667"
"1264 Spinka Court","ruth.abbott@yahoo.com","443","Napoleon Deckow","1-472-277-6138"
"84981 Corrie Keys","vince.keebler@yahoo.com","444","Lawana Steuber","543-622-6611 x458"
"64726 Franecki Divide","phuong.turcotte@gmail.com","445","Jae Marquardt","713.041.3078 x4861"
"22387 Michelle Corners","rupert.corwin@gmail.com","446","Elmo Stanton IV","118-572-8525 x4467"
"7454 Carson Spurs","oliva.hirthe@hotmail.com","447","Donn Kiehn","758-481-6424 x760"
"2403 Darron Heights","norris.moore@yahoo.com","448","Georgeanna Reilly","1-413-195-3718 x115"
"58411 Lesley Prairie","lanora.okeefe@gmail.com","449","Larry Hudson","(509) 079-4953 x409"
"529 Thomasena Streets","mckenzie.okon@yahoo.com","450","Angelika Gleichner IV","522.572.5518 x12478"
"27948 Wes Plains","daniel.kohler@gmail.com","451","Darius Runolfsdottir","1-422-739-8510"
"0392 Loreen Wall","milda.mann@yahoo.com","452","Mr. Monica Schuppe","838.837.9658 x2558"
"4955 Simonis Springs","armando.walsh@yahoo.com","453","Colton Schmidt Sr.","1-049-966-0278 x0309"
"85628 Jewell Mill","charles.harber@yahoo.com","454","Queenie Botsford","081-741-4776 x84885"
"191 Stephany Divide","jeromy.harris@yahoo.com","455","Lavern Kuhlman Sr.","655-765-8605 x768"
"9491 Zane Fort","shona.kuphal@yahoo.com","456","Miss Talisha Kling","1-234-066-7008 x666"
"610 Brandi Tunnel","felisha.lubowitz@hotmail.com","457","Miss Cordelia Bradtke","813-033-5371 x42958"
"356 Hermiston Ramp","justa.considine@yahoo.com","458","Rob Robel","(224) 463-8545 x9613"
"9708 Florencio Mountains","lynsey.ziemann@hotmail.com","459","Karri Huels","1-329-564-7179 x7680"
"1311 DuBuque Villages","randolph.rippin@hotmail.com","460","Glennie Jast","127.669.8201"
"2083 Barton Lakes","jewell.quigley@yahoo.com","461","Andres Fay","087-041-0523 x787"
"896 Bayer Valley","katerine.gutmann@yahoo.com","462","Lucas Marquardt","(498) 831-4920 x71768"
"816 Bartell Vista","johnnie.terry@gmail.com","463","Genie Rolfson","1-638-887-2498"
"9301 Altenwerth Squares","oma.purdy@hotmail.com","464","Emory Kling","209-994-9155 x75178"
"9585 Durgan Canyon","james.hilpert@gmail.com","465","Jamey Klein","019-701-0414 x10384"
"01978 Daniel Parkways","linda.collier@yahoo.com","466","Jackie Rolfson","863-658-5407 x556"
"33528 Murazik Locks","augustine.corwin@hotmail.com","467","Stefani Bradtke","781.169.0104 x9064"
"34313 Fisher Place","samantha.bechtelar@yahoo.com","468","Barton Simonis","(324) 715-7819 x102"
"767 Moen Circles","clifford.hessel@gmail.com","469","Junior Gaylord","812.478.8675 x9964"
"4761 Langworth Well","rosendo.mills@yahoo.com","470","Brendon Klein","447.987.2472"
"8474 Stiedemann Ford","giuseppina.mertz@yahoo.com","471","Richie Friesen","992.659.8902"
"5165 Robin Walk","lorelei.ferry@gmail.com","472","Mistie Reichel","1-170-372-0733"
"984 Winfred Corners","jerrod.swift@hotmail.com","473","Lupe Steuber","436-604-6501"
"4382 Simon Harbor","larae.fadel@hotmail.com","474","Millie Reichel","1-437-137-4905 x382"
"248 Funk Summit","yang.hegmann@gmail.com","475","Leah Armstrong","(172) 752-1260"
"3182 Bernhard Valley","rudy.dooley@gmail.com","476","Kiera Pagac","468-533-6566"
"2959 Windler Pike","lyle.spencer@gmail.com","477","Miles Pollich","(621) 356-2398"
"01942 Cassin Lights","aron.volkman@gmail.com","478","Ashlea Walsh","784-387-4567 x7936"
"082 Bailey Rapid","elma.fritsch@gmail.com","479","Robert Stiedemann","173.219.3686 x8741"
"90113 Gibson Summit","renea.von@hotmail.com","480","Claretta Ullrich","280.802.2444 x35126"
"656 Brent Passage","rex.bernhard@yahoo.com","481","Dr. Isaac Heaney","230.108.7395 x8390"
"57288 Ronny Throughway","russ.effertz@gmail.com","482","Ron Auer","(268) 658-5277"
"336 Harvey Ridges","dreama.bogan@yahoo.com","483","Shelton King","690-023-2501 x288"
"50246 Harvey Wells","denver.ullrich@gmail.com","484","Erwin Goyette III","281-767-4341 x2329"
"0066 Chas Lodge","rossie.lindgren@hotmail.com","485","Quinn Ward","1-667-359-4848"
"16526 Harber Plain","latisha.gerhold@gmail.com","486","Ms. Fae Price","1-537-697-2252 x833"
"09908 Brant Ranch","jodee.heathcote@hotmail.com","487","Mr. Minerva O'Connell","905.434.9585 x68910"
"6541 Francesco Lakes","barrett.herman@hotmail.com","488","Rolf Klocko III","727.773.7458 x201"
"67087 Stiedemann Shoal","kris.gutkowski@hotmail.com","489","Jacquelyn Douglas","051.008.9201"
"1387 Green Ville","oliver.gorczany@yahoo.com","490","Tommie Moore Jr.","420.601.4061 x93218"
"931 Casper Hills","henry.klocko@hotmail.com","491","Miss Rod Legros","361.967.9773 x3001"
"031 Demetrius Turnpike","bronwyn.gerhold@yahoo.com","492","Hyman Torp","414.369.5659"
"57899 Jeana Trail","logan.howell@gmail.com","493","Petronila Nikolaus","(524) 099-1344 x1691"
"871 Von Squares","sidney.breitenberg@hotmail.com","494","Ms. Emily Gleichner","1-144-333-5580 x6168"
"4551 Emilee Terrace","jamey.homenick@gmail.com","495","Scottie Stanton","1-483-055-7334 x566"
"17008 Tonisha Knoll","skye.donnelly@yahoo.com","496","Cheyenne McDermott","(883) 486-1970 x458"
"706 Alvera Grove","ester.hackett@hotmail.com","497","Fabian Haag","477-240-5942 x72243"
"729 Sidney Estates","ursula.gulgowski@hotmail.com","498","Yelena Leuschke","(672) 752-8433 x87015"
"195 Jae Ports","hayden.howe@gmail.com","499","Cody Schroeder V","489.138.4586"
"51597 Murazik Loaf","bernetta.luettgen@hotmail.com","500","Gemma Cruickshank","1-073-203-5988"
"127 Stracke Brook","yoko.rau@gmail.com","501","Mrs. Burton Reilly","(434) 461-3416"
"027 Block Stream","daphine.mcclure@gmail.com","502","Ms. Jerry Cole","(723) 909-9806"
"25749 Zachery Court","kendrick.thiel@hotmail.com","503","Krystina Yost","1-695-097-9126 x4024"
"9394 Marlon Skyway","veronika.macejkovic@yahoo.com","504","Dr. Jerold Ziemann","1-337-178-9194 x7317"
"595 Leffler Ridge","mariano.okon@hotmail.com","505","Chloe Kiehn","124.894.6890 x7035"
"448 Guadalupe Manors","donnie.osinski@gmail.com","506","Danyell Konopelski","(757) 391-1066 x1100"
"913 Charlyn Inlet","russell.bradtke@gmail.com","507","Miss Jake Pagac","(659) 596-4734"
"4490 Louella Path","candice.lowe@hotmail.com","508","Gaylord Osinski","456-555-1856"
"95956 Bartoletti Creek","frida.bernhard@hotmail.com","509","Cathi Ritchie","117-478-5124 x265"
"784 Gibson Cove","hunter.nolan@yahoo.com","510","Lory Keebler","735.149.2058 x0184"
"48417 Howell Street","steve.price@gmail.com","511","Marvel Schumm Jr.","(938) 162-2547"
"123 Koelpin Trace","tamatha.mayer@hotmail.com","512","Barbra Streich","1-849-026-8007"
"539 Henry Burg","raymon.gottlieb@gmail.com","513","Kelly Kunze","621.817.8503"
"33098 O'Connell Islands","cira.bruen@gmail.com","514","Dolly Bins MD","(367) 202-3159 x22820"
"81677 Elin Mills","whitney.gorczany@yahoo.com","515","Keri Pagac","(681) 289-1960 x474"
"9444 Felipe Centers","hassie.wilkinson@hotmail.com","516","Valentine Waters Sr.","(713) 678-0099"
"474 Mann Way","saran.wyman@gmail.com","517","Jefferson Skiles","500.683.8551 x701"
"87106 Lueilwitz Fort","danna.hoeger@hotmail.com","518","Josefine Hudson","1-141-665-7394 x6724"
"644 Welch Valleys","nanette.satterfield@gmail.com","519","Frederic Thompson","1-067-705-7344 x6164"
"744 Nicolas Island","buck.cummerata@hotmail.com","520","Mr. Jack White","228.444.3016"
"6674 Gerhold Overpass","jerrod.skiles@yahoo.com","521","Warren Durgan Jr.","1-049-472-3373 x4595"
"1606 Hodkiewicz Crest","isaiah.larson@yahoo.com","522","Jackelyn Wintheiser","310-402-4257 x8412"
"621 Kathline Unions","earlene.nienow@hotmail.com","523","Thurman Sipes","1-625-381-1221 x80857"
"501 Sam Mountain","curtis.dickinson@yahoo.com","524","Cinda Hermann IV","590-324-5558"
"80298 Mabel Tunnel","alexa.tillman@gmail.com","525","Elois Nienow PhD","288.111.8144"
"9427 Carrie Creek","leslie.cartwright@gmail.com","526","Chiquita Robel","1-179-629-5208 x187"
"38063 Kemmer Groves","marcelino.skiles@gmail.com","527","Glynis Christiansen","454-170-0485"
"530 Runolfsdottir Coves","allan.hirthe@yahoo.com","528","Mrs. Norberto Mohr","845-851-7367"
"388 Keeling Fork","tyra.okeefe@yahoo.com","529","Willian Schaefer","067.460.2374 x17087"
"91987 Baumbach Curve","carlee.bailey@hotmail.com","530","Ms. Kizzy Mitchell","1-476-368-2491 x122"
"0137 Moira Plains","dacia.lemke@gmail.com","531","Annett Kiehn","815-718-2102"
"261 Ta Centers","birdie.murray@hotmail.com","532","Ellyn Wunsch I","(296) 843-4637"
"691 Sipes Drive","brendan.brekke@hotmail.com","533","Abraham Champlin","(297) 343-9642 x6774"
"192 Jamal Trafficway","granville.kemmer@gmail.com","534","Adriene Doyle","(711) 713-0331"
"3688 Sammie Point","john.schamberger@yahoo.com","535","Andrea Dibbert","476.114.8332"
"58864 Hagenes Ranch","shawnna.yundt@gmail.com","536","Shavon Tillman","771.816.7594 x8209"
"95135 Kshlerin Valleys","frederic.hickle@hotmail.com","537","Robby Ullrich","950-994-8618"
"5116 Karrie Plaza","jeanice.langworth@gmail.com","538","Miss Ahmad Sanford","1-259-932-2769 x590"
"97062 Ignacio Bridge","elouise.runolfsdottir@yahoo.com","539","Katharyn Macejkovic V","(500) 585-3763 x44778"
"440 Gleichner Stream","yadira.bergstrom@yahoo.com","540","Alvaro Huels","891-473-1236"
"3154 Grimes Mountains","sara.ziemann@yahoo.com","541","Elouise Jacobson","837.426.1982"
"269 Beier Extension","chae.predovic@gmail.com","542","Nancy Abbott","285.071.5995"
"0172 Nikole Ville","garth.spinka@gmail.com","543","Lucas D'Amore","1-993-755-0114"
"87895 Oberbrunner Terrace","cristobal.purdy@gmail.com","544","Lynell Gorczany","832-417-4173 x9675"
"803 Mills Corner","alan.yundt@gmail.com","545","Kelsey Kautzer","266-546-5528 x17077"
"9821 Mills Manors","bettye.upton@gmail.com","546","Sol Batz","573.159.4723 x113"
"1936 Rex Meadow","bethany.king@gmail.com","547","Mr. Cicely Hoeger","(442) 315-8267"
"4694 Sawayn Spring","johnie.graham@hotmail.com","548","Zena Williamson","(517) 022-4762 x369"
"6349 Ward Views","abbey.yundt@gmail.com","549","Roselia Maggio","974-533-1141 x95707"
"5630 Kuhlman Forges","chantelle.nader@gmail.com","550","Bernard Larson I","(803) 061-7265 x983"
"44438 Hintz Inlet","caleb.ruecker@yahoo.com","551","Dorian Kirlin Jr.","(858) 687-7278"
"05340 Nader Throughway","ollie.johnston@gmail.com","552","Patti Goldner","(739) 561-1208"
"75222 Pok Corners","owen.zulauf@gmail.com","553","Shea Volkman","642.475.6187 x2224"
"5344 Jerde Trafficway","bruce.schimmel@gmail.com","554","Yadira Gorczany","1-944-539-9846"
"4676 Sina Hills","keith.quitzon@gmail.com","555","Florine Donnelly","1-573-967-4371"
"394 Morar Wells","mauricio.reichert@hotmail.com","556","Ms. Kelsie Hartmann","086-817-5713 x4967"
"4119 Jenell Inlet","gail.langosh@hotmail.com","557","Nicky Green","417.764.1280 x406"
"176 Bernie Well","dorris.wolf@yahoo.com","558","Mr. Porfirio Hane","457-308-7674 x0502"
"9133 Jakubowski Shore","calandra.wilderman@yahoo.com","559","Hobert Hegmann","1-480-364-8640"
"35724 Auer Plains","risa.hayes@yahoo.com","560","Mikki Wyman","880.905.4235 x115"
"1924 Armida Track","clark.goldner@gmail.com","561","Kelsey Lang","(756) 920-2301 x5033"
"1963 Young Crescent","coletta.west@gmail.com","562","Rosy Berge IV","1-389-529-9950 x2441"
"293 Kutch Key","nicolle.herman@gmail.com","563","Vonnie Hamill","(536) 770-2499 x542"
"04240 Rice Causeway","humberto.keebler@gmail.com","564","Annice McCullough II","1-998-289-0882 x336"
"9821 Johns Shoals","karolyn.becker@gmail.com","565","Shayla Sipes IV","506.312.0824"
"25244 Wesley Trace","ricki.lynch@gmail.com","566","Phil Corkery","266.982.5340"
"126 Maria Cove","renda.wuckert@gmail.com","567","Sharron Wehner","(765) 141-8679 x39017"
"73706 Jeanene Lodge","gail.baumbach@hotmail.com","568","Jerlene Grimes DDS","905.674.8987 x677"
"692 Senger Highway","hope.schaden@hotmail.com","569","Horacio Mohr","1-380-306-4161"
"627 Block Alley","leonor.reinger@yahoo.com","570","Mr. Sammy Dietrich","(261) 669-3862 x1799"
"4696 Libbie Center","jae.frami@hotmail.com","571","Nannette Baumbach","971.552.6413"
"5585 Marci Overpass","randy.rath@gmail.com","572","Kiara Conn","(250) 909-5167 x792"
"6159 Chester Corners","ali.wiza@gmail.com","573","Harlan O'Connell DVM","1-548-485-9658 x8416"
"81455 Virgilio Inlet","philip.dach@yahoo.com","574","Fannie Mueller","(758) 982-7465"
"9138 Doyle Port","zola.kuhn@hotmail.com","575","Carroll Ratke MD","(946) 023-2158"
"85252 Percy Curve","eli.swaniawski@yahoo.com","576","Renae Oberbrunner Sr.","1-223-452-1376 x35028"
"76023 Nicolas Green","shaneka.klocko@gmail.com","577","Cathern Dickinson","860.105.9292"
"971 Gina Terrace","brittny.paucek@hotmail.com","578","Karie Gutmann V","763-831-5414 x652"
"7867 Hammes Cliffs","noble.bailey@hotmail.com","579","Sydney Kshlerin","963-704-5092 x88685"
"72795 Bronwyn Tunnel","josh.bartoletti@gmail.com","580","Deborah Mayer","1-588-889-5242 x754"
"91720 Jerrold Lock","samara.gerhold@gmail.com","581","Toni Ziemann","1-610-925-4925 x386"
"769 Harry Fort","edward.pfannerstill@yahoo.com","582","Bao Hermann","339.712.1806"
"346 Russel Viaduct","daren.murray@gmail.com","583","Mandy Leffler","275.668.8482 x72767"
"695 Roger Burgs","dorothea.roob@gmail.com","584","Earnest Parisian","1-201-766-4179 x62747"
"923 Marianela Pines","derick.ledner@gmail.com","585","Jamal Maggio","519.228.2968"
"115 Littel Crossroad","janey.braun@yahoo.com","586","Miss Coretta Feeney","311.658.0350 x6863"
"2105 Gibson Flat","josef.mcglynn@hotmail.com","587","Dennise Jenkins","(503) 340-1954 x40169"
"257 Pauletta Row","hubert.ledner@yahoo.com","588","Hannelore Runte","739-218-3586"
"704 Walker Street","carey.marvin@gmail.com","589","Nevada Champlin II","099.501.3989 x00003"
"839 Chet Crossing","wynell.connelly@yahoo.com","590","Dr. Hal Daugherty","681.345.0667 x9194"
"41949 Kristie Fields","akilah.jacobi@yahoo.com","591","Trenton Smith","081-549-2439 x2824"
"6978 Rubye Lock","avery.lang@gmail.com","592","Michel McKenzie","1-276-361-8526"
"5378 Lynne Springs","tandy.mraz@hotmail.com","593","Alva Kessler","(771) 436-4873 x27279"
"44326 Ullrich Well","randolph.bosco@hotmail.com","594","Dwayne Schaden PhD","(684) 601-8931 x6291"
"7673 Legros Spur","brenton.ledner@hotmail.com","595","Taylor Hauck","1-661-956-4600 x151"
"726 Wyman Turnpike","philomena.schamberger@gmail.com","596","Roselle Barrows Jr.","251-765-8868"
"7168 Emile Squares","elfrieda.cremin@gmail.com","597","Jovita Dibbert IV","378-291-4481 x1027"
"4172 Cira Passage","clayton.ortiz@gmail.com","598","Adrian VonRueden","(049) 238-5736 x61189"
"603 Gulgowski Burgs","dustin.auer@hotmail.com","599","Kurtis Cormier","804-593-0074 x599"
"265 Grimes Greens","rona.stark@yahoo.com","600","Detra Feeney IV","1-188-062-7451 x346"
"693 Murazik Port","tabetha.gutmann@yahoo.com","601","Brad Hegmann","1-799-021-9052 x360"
"20953 Reilly Unions","vito.hayes@gmail.com","602","Miss Osvaldo Bernhard","1-347-983-0829 x548"
"54050 Jodee Extension","bradley.kassulke@gmail.com","603","Mr. Shirl Hartmann","(393) 681-9115 x3633"
"914 Kerri Station","sindy.funk@hotmail.com","604","Nerissa Sawayn","140.105.7027 x228"
"7450 Margy Estates","shayne.hermiston@hotmail.com","605","Ms. Garrett Murphy","(646) 836-9366 x57741"
"37573 Kreiger Mountain","magda.klocko@yahoo.com","606","Miss Herb Bergnaum","891.238.8749 x3645"
"317 Borer Gardens","williemae.breitenberg@yahoo.com","607","Dr. Edmond Thiel","049-498-0885 x726"
"04694 Stacey Pine","debra.oberbrunner@gmail.com","608","Marcellus Kreiger PhD","525.499.2872"
"27387 Roob Terrace","loren.jerde@gmail.com","609","Cuc Huels","998.325.6508"
"2379 Michaela Harbor","shila.anderson@gmail.com","610","Wes Abernathy","(185) 537-9105"
"1166 Jaskolski Stravenue","rachell.halvorson@yahoo.com","611","Issac Daugherty","223.029.2557"
"54029 Trey Key","chia.olson@gmail.com","612","Fabiola Keebler","(665) 919-1755"
"90661 Keeling Divide","norma.dicki@yahoo.com","613","Mazie Zieme","369-612-1294 x6758"
"1016 Cormier Field","dane.friesen@hotmail.com","614","Darlene Reichert","273.860.2568 x9856"
"754 Daugherty Mission","tim.collins@gmail.com","615","Keesha O'Keefe","1-800-108-1763"
"35781 Leuschke Branch","buster.pacocha@hotmail.com","616","Aurelio Denesik MD","(073) 493-5778"
"350 Dorian Burg","leslee.bartell@hotmail.com","617","Alease Marks","873-601-2338"
"3448 Cormier Meadows","ira.connelly@gmail.com","618","Cecille Monahan","(080) 114-5166 x05880"
"20605 Nam Mall","evangeline.smitham@hotmail.com","619","Jonathon Borer","241.020.9776"
"311 Nancee Canyon","chu.ernser@yahoo.com","620","Micah Morissette","832-896-6254 x460"
"288 Lueilwitz Courts","lura.beatty@yahoo.com","621","Shirlee Gutmann","491.219.6494"
"257 Powlowski Grove","caron.schimmel@gmail.com","622","Vikki Weimann","(790) 147-0623 x25968"
"69071 Lavette Viaduct","carmela.ward@hotmail.com","623","Tyra Tillman","(206) 695-7436 x184"
"10253 Huels Rue","bunny.hessel@gmail.com","624","Nola Jerde","(798) 302-4210"
"1583 Chi Unions","alaina.hilpert@hotmail.com","625","Hulda Schaefer","1-159-909-9915"
"282 Walker Trafficway","juli.davis@yahoo.com","626","Wyatt Connelly","(265) 028-9350 x1375"
"22532 Aufderhar Meadows","lianne.mayert@yahoo.com","627","John Abbott","161.808.7306"
"5618 Haag Cove","leroy.reinger@yahoo.com","628","Miss Amina Legros","442.748.7507 x714"
"3121 McKenzie Common","royce.carroll@gmail.com","629","Clarice Nolan","1-245-053-6560 x84685"
"6121 Griselda Oval","dick.abernathy@yahoo.com","630","Ashlyn Rohan","284-366-9767 x64467"
"0907 Torp Causeway","joette.bogisich@yahoo.com","631","Luigi Lind","777.281.0232"
"8281 Daniel Islands","nancie.kuhn@hotmail.com","632","Kraig Keebler","(796) 733-3806 x2033"
"2390 Abbott Manor","herman.stiedemann@yahoo.com","633","Malcom Schuppe","(744) 146-5317 x3313"
"29628 Robel Canyon","nellie.conn@gmail.com","634","Humberto Keebler","(369) 386-3684"
"04365 Ricarda Bridge","sydney.schaden@yahoo.com","635","Ms. Carleen Legros","1-589-106-1151"
"747 Schiller Grove","buford.padberg@yahoo.com","636","Trinidad Hamill","172.158.1461 x0098"
"43599 Loreta Stream","daniel.cartwright@hotmail.com","637","Mrs. Perry Koch","706.893.6107 x19702"
"213 Spencer Bypass","darryl.price@yahoo.com","638","Wanita Koepp","1-715-531-4972"
"989 Bobbye Locks","fanny.kessler@yahoo.com","639","Christian Will","261.014.6638"
"0080 Lyndsey Viaduct","rudy.jenkins@yahoo.com","640","Ms. David Wintheiser","1-757-137-8456 x943"
"31038 Kovacek Roads","daniel.hagenes@yahoo.com","641","Prince Kunde","(928) 546-6481"
"2130 Gislason Cove","dannie.murphy@gmail.com","642","Gricelda Hegmann","859-505-9301 x5682"
"4569 Antonia Knoll","noe.bergnaum@gmail.com","643","Nathalie Ward Jr.","(286) 316-5538"
"7216 Mueller Heights","darnell.stanton@hotmail.com","644","Alex Beer","1-319-912-5818"
"58754 Aline Fall","ilana.mitchell@yahoo.com","645","Abraham Kuhic DVM","500.283.6190 x3349"
"884 Bednar Plaza","raeann.lueilwitz@gmail.com","646","Tara Ritchie","933.266.1837"
"745 Nienow Turnpike","micaela.langworth@yahoo.com","647","Vito Ritchie","1-502-088-8127"
"76595 Alexia Mall","palmer.corwin@gmail.com","648","Mr. Dion McDermott","951.805.6431 x8804"
"688 Kunze Trail","brain.jones@hotmail.com","649","Angella Gorczany","492-347-0336 x2554"
"092 Botsford Lodge","josue.stanton@hotmail.com","650","Patrina Hamill","535.104.7349 x3752"
"0478 Sherry Mountains","jose.grimes@hotmail.com","651","Riley Stark","(385) 209-2468 x03068"
"6647 Rowe Tunnel","lashonda.schumm@yahoo.com","652","Forest Nolan","303-990-7868 x14387"
"61119 O'Keefe Flats","joseph.ohara@gmail.com","653","Delinda Nolan","491.877.0465"
"107 Efrain Radial","susann.stehr@yahoo.com","654","Dirk Bailey","(173) 617-5003 x8012"
"223 Ethan Lakes","gaye.dicki@hotmail.com","655","Freeda Schaden","690.401.9246 x9314"
"3818 Truman Dale","wilma.adams@yahoo.com","656","Isis Goyette","806-868-2288 x56213"
"70435 Schaden Estate","kayla.damore@hotmail.com","657","Donny O'Kon DDS","(046) 128-2657 x01984"
"308 Clair Prairie","morton.vonrueden@gmail.com","658","Taylor Schmeler","058.360.4944 x299"
"8987 Walter Stream","arminda.beatty@gmail.com","659","Kip Bahringer","917-195-3673 x5000"
"89871 Ward Plains","thurman.bartoletti@gmail.com","660","Jamila Cruickshank","658-727-1313 x7684"
"514 Kum Forges","floyd.orn@yahoo.com","661","Loris Witting","729-553-7448 x2520"
"0727 Dominick Squares","belkis.reinger@gmail.com","662","Alona Mraz","1-229-942-9746 x40563"
"4874 Bahringer Fields","nathaniel.nolan@hotmail.com","663","Marna Schmeler","335-136-6947 x47868"
"659 Elden Meadows","asa.lubowitz@gmail.com","664","Tran Kertzmann I","865.428.4109"
"01996 Gaylord Center","jeramy.pouros@hotmail.com","665","Onita Harvey Sr.","617.708.4620 x3473"
"278 Melaine Village","calista.kemmer@yahoo.com","666","Harley Renner","772.013.5799 x846"
"434 Kim Wells","ronny.davis@gmail.com","667","Renaldo Rowe MD","1-774-218-4527"
"0501 Rogelio Squares","leonard.nicolas@yahoo.com","668","Kent Grady DDS","(133) 700-5859 x84855"
"02637 Yost Field","lanita.windler@hotmail.com","669","Trang Johnson DVM","(977) 147-7465 x116"
"847 Earnest Glen","cornelia.herman@hotmail.com","670","Ignacio Buckridge","1-338-079-4359 x129"
"072 Gleichner Brooks","kai.berge@yahoo.com","671","Teofila Turner","061.597.7481 x4977"
"57556 Vince Ridges","antone.von@yahoo.com","672","Jess Runolfsdottir","1-863-404-1357"
"33616 Mohammed Ways","cheyenne.koss@hotmail.com","673","Lucy Senger IV","(098) 978-6098"
"75971 Loma Mall","domenic.turner@gmail.com","674","Rosanne Kuhic","936-846-9779"
"66829 Kovacek Track","chet.murray@gmail.com","675","Mrs. Jaunita Ebert","288-531-0990"
"42476 Taylor Turnpike","alva.herman@gmail.com","676","Mrs. Phylicia Haag","657-008-6168 x8393"
"1575 Harvey Ridges","federico.jast@gmail.com","677","Brady Crooks","(456) 845-3924"
"96761 Nolan Mountain","lesia.rogahn@hotmail.com","678","Abraham Walter","1-397-033-1088"
"3219 Lehner Plaza","leia.gutmann@hotmail.com","679","Hellen Strosin","533-792-1471 x6900"
"204 Shameka Cove","hipolito.reichert@gmail.com","680","Tenisha Wunsch","(033) 168-3661"
"6207 Donald Brooks","wilson.beahan@hotmail.com","681","Neal Johnson","840.378.0830"
"638 Bogan Burg","johnsie.gislason@gmail.com","682","Stuart Goldner","(023) 939-2936 x0869"
"02886 Reed Extensions","shanice.fahey@hotmail.com","683","Rich Jacobs","1-482-530-9187 x849"
"28205 Lai Plaza","julene.kub@hotmail.com","684","Darcel Keeling","091.109.4846"
"517 Steuber Green","mack.kling@yahoo.com","685","Mose Kuhic","1-266-477-4941 x7451"
"421 Marleen Viaduct","karl.berge@gmail.com","686","Mr. Magan Howell","299-976-5001 x398"
"49168 Goodwin Station","luz.kuvalis@hotmail.com","687","Dale Fadel","875-807-1272"
"565 Langosh Crest","rossana.parker@hotmail.com","688","Diane Kshlerin","597.461.8317 x716"
"430 Nader Land","curt.flatley@gmail.com","689","Jermaine Schimmel","(552) 814-0002"
"082 Eldon Stream","suzann.ruecker@hotmail.com","690","Evangelina Wolff Sr.","942.776.9290 x2230"
"78862 Alica Neck","christopher.cartwright@yahoo.com","691","Miss Britt Padberg","724.856.0112 x0102"
"67185 Reilly Branch","jamie.keebler@gmail.com","692","Antoine Brown","000-057-8832 x5793"
"2897 Cristy Cliff","lorrie.ratke@yahoo.com","693","Jackie Kulas","1-513-852-1382"
"40718 Ritchie Union","teressa.kozey@yahoo.com","694","Windy Tromp","343.721.6336"
"50305 Ahmad Pike","dayle.price@hotmail.com","695","Kirby Marvin","722.531.5815"
"035 Dewey Port","opal.hilll@yahoo.com","696","Mr. Bryanna Erdman","258-755-9579 x7665"
"259 Monahan Street","sunday.pollich@gmail.com","697","Mr. Damian Schamberger","273.069.7043 x91650"
"348 Miller Crest","conrad.murray@yahoo.com","698","Erwin Lesch","974.077.1273"
"67230 Kerluke Hill","quinton.pollich@gmail.com","699","Willette Hilpert","576-080-9690 x2179"
"0585 Joan Canyon","huey.kling@yahoo.com","700","Wiley Bogan V","464-477-8153 x47210"
"6678 Laquita Stravenue","ermelinda.okon@yahoo.com","701","Serafina Herman","(004) 832-2275 x84263"
"08102 Kendall Junction","julianna.lebsack@yahoo.com","702","Tiffaney Gaylord","(571) 378-1867 x508"
"140 Block Throughway","brad.gleichner@gmail.com","703","Truman Champlin","1-330-596-3460 x3527"
"29815 Fernando Trail","caroline.simonis@gmail.com","704","Shelby Jerde","191-558-6595 x573"
"9957 Rochelle Drives","carissa.lindgren@yahoo.com","705","Daniel Cronin","1-985-106-6224 x07307"
"5488 Stroman Prairie","christena.pfeffer@gmail.com","706","Justina Corwin","980-956-2482 x3680"
"152 Homer Hills","mauro.wuckert@hotmail.com","707","Kieth Botsford","(318) 712-9348"
"4804 Felice Rapids","federico.barrows@yahoo.com","708","Dr. Sally Boyer","901.805.9316 x5370"
"90763 Nisha Summit","rochel.nikolaus@yahoo.com","709","Milo Herman","331-145-8049"
"416 Ariel Ford","ali.gislason@gmail.com","710","Ms. Spring Schroeder","(943) 898-2131 x108"
"337 Bosco View","mamie.mueller@yahoo.com","711","Porfirio O'Reilly","1-501-251-9846 x23489"
"5661 Leannon Stream","ignacia.prosacco@gmail.com","712","Mrs. Ulysses Goyette","(096) 555-9809 x7036"
"98281 Khadijah Row","wilton.von@gmail.com","713","Muriel Boyle","613.167.3141"
"035 Ledner Greens","hilma.hickle@yahoo.com","714","Paulene Flatley","131-143-0835 x576"
"961 Huel Avenue","armandina.boyer@hotmail.com","715","Ali Grimes","175.943.1953"
"84481 Nolan Roads","audrie.greenfelder@gmail.com","716","Chris Greenfelder","952.295.0087 x48158"
"68868 Tinisha Mills","bea.bauch@gmail.com","717","Ms. John Bruen","(413) 280-0429 x4801"
"756 Mraz Streets","alonso.fahey@hotmail.com","718","Blair Little","394.427.8326 x67036"
"3670 VonRueden Groves","moon.corkery@gmail.com","719","Veronica Johnston","232-419-9273 x061"
"725 Bergnaum Branch","shona.rath@hotmail.com","720","Ike Rath","696-979-8109 x792"
"2739 Denver Port","nathanial.mosciski@hotmail.com","721","Jerald Rowe","(284) 887-8102 x86404"
"7484 Jacinta Neck","curtis.carroll@hotmail.com","722","Roderick Ebert","358.711.9271 x25474"
"0518 Alina Parkway","shana.beier@hotmail.com","723","Shane Volkman PhD","1-804-844-7011 x287"
"052 Bogan Walk","edith.moen@yahoo.com","724","Alton Pfeffer","680.127.7883 x80797"
"3475 Percy Prairie","roscoe.ortiz@gmail.com","725","Carroll Mertz","325-108-9962"
"6046 Angela Station","elois.ratke@gmail.com","726","Antoine Halvorson I","(510) 643-5054"
"443 Leuschke Parkways","francis.gottlieb@gmail.com","727","Dominic Hansen","090-993-0309 x996"
"86221 Treva Garden","darcey.kreiger@yahoo.com","728","Dr. Clair Franecki","1-858-314-0217 x1965"
"82303 Reginald Track","shenita.douglas@gmail.com","729","Susie Macejkovic","904.981.5227"
"804 Cortez Summit","nicolette.gerhold@yahoo.com","730","Elmer Kessler","861.226.6289 x6918"
"39276 Lonnie Points","eun.marquardt@hotmail.com","731","Mr. Leonardo Hoeger","(708) 657-6163 x357"
"1277 Wolff Lights","columbus.smitham@yahoo.com","732","Bethann Rice","1-960-377-4674 x39896"
"5805 Bert Canyon","marvel.vonrueden@hotmail.com","733","Arnetta Mante","051-816-5250 x28473"
"022 Schaden Groves","emerson.spencer@yahoo.com","734","Jed Moen","1-361-182-1175 x26736"
"16021 O'Keefe Centers","tiesha.miller@hotmail.com","735","Miss Roger Brekke","(920) 724-3359 x18739"
"41391 Stamm Streets","fermin.bernier@yahoo.com","736","Mohammad Erdman DDS","1-975-343-4550"
"62448 Geoffrey Rest","florencio.kassulke@gmail.com","737","Miss Kenton King","927-224-2651 x242"
"14742 Willard Summit","malcolm.block@gmail.com","738","Magaret Jacobi","774-882-2015 x52858"
"608 King Greens","mireya.toy@yahoo.com","739","Naoma Marquardt","682.304.3842 x05205"
"61442 Rhett Stravenue","jaimie.metz@yahoo.com","740","Exie Legros","228-372-7335 x8621"
"88011 Rippin Via","myles.hermann@yahoo.com","741","Cathern Grady","1-904-566-4243 x9972"
"007 Swift Creek","donna.bruen@yahoo.com","742","Karey Dicki","(819) 939-9198 x31276"
"55278 Wolff Summit","clotilde.konopelski@yahoo.com","743","Ms. Lavinia Skiles","1-455-824-3539 x84367"
"2061 Conn Mountains","dusti.lang@hotmail.com","744","Darci Conn Sr.","(721) 745-5640 x2049"
"5750 Collin Orchard","darlene.mclaughlin@hotmail.com","745","Mr. Lyle Lynch","870.540.5710 x5069"
"1568 Adams Extensions","glenna.pacocha@gmail.com","746","Freddie Predovic","174-003-7442 x7649"
"9358 Penni Cliff","layne.conn@hotmail.com","747","Ezequiel Hegmann","1-110-538-5649 x5176"
"9625 Saul Locks","octavio.schaefer@yahoo.com","748","Norman Block","242-167-4899"
"7680 Billie Vista","erick.zboncak@hotmail.com","749","Luvenia Gulgowski","891-791-3526"
"651 Mozelle Dam","dong.lesch@gmail.com","750","Stewart Greenholt","338-856-9276"
"5089 Gislason Corner","see.ledner@hotmail.com","751","Vonnie Fay","162-424-4206 x67849"
"64686 Jamar Garden","kacey.mills@hotmail.com","752","Chante Block","501.184.3189"
"04458 Renita Unions","darby.treutel@hotmail.com","753","Jesus Rosenbaum","578-095-7243 x242"
"58398 Hermiston Circles","lamar.koelpin@gmail.com","754","Jesenia Emard","1-959-869-7816"
"2766 McCullough Ridge","alease.sporer@yahoo.com","755","Perry Hettinger","(311) 178-5707 x7723"
"47668 Ramon Pass","tuan.schimmel@gmail.com","756","Jo Bednar","358.621.6954"
"0256 Kulas Squares","german.herman@hotmail.com","757","Bruce Dach IV","978-859-6324"
"363 Quigley Creek","tawny.cassin@hotmail.com","758","Mr. Kimberli Jacobs","950-080-8178 x96026"
"2312 Kenyatta Highway","barbie.bartoletti@hotmail.com","759","Damaris Green","1-720-326-0698"
"521 Welch Drive","christian.labadie@yahoo.com","760","Kendall Price","077.022.9240"
"438 Toby Curve","latarsha.steuber@yahoo.com","761","Marcellus Klocko","024.831.6520"
"788 Kellee Lodge","felipa.kuhn@hotmail.com","762","Lamar Keebler","1-771-022-9913 x9768"
"61413 Macejkovic Village","allison.smith@gmail.com","763","Fausto Doyle IV","(906) 844-4940 x78652"
"13957 Keeling Avenue","armando.morissette@gmail.com","764","Ms. Darren Weber","1-189-871-7600"
"7924 Anderson Flat","danilo.jenkins@yahoo.com","765","Pierre Jaskolski","957-478-1926 x59146"
"247 Morissette Brook","asuncion.baumbach@hotmail.com","766","Sharonda Stark","1-072-150-6283 x3755"
"95836 Raynor Lodge","javier.berge@hotmail.com","767","Dr. Anthony Bosco","1-768-720-4268 x4551"
"379 Hermann Manors","elizebeth.rosenbaum@yahoo.com","768","Mr. Tiffani Gusikowski","(528) 213-0145"
"5198 O'Connell Locks","ebony.mayer@yahoo.com","769","Mrs. Britt Rolfson","628-574-8990"
"42164 Dante Lights","toi.lemke@hotmail.com","770","Shera Predovic","1-643-165-9950 x3956"
"57685 Laverne Plain","lyla.rohan@yahoo.com","771","Erica Johnston","766.657.4757 x2406"
"1866 Bernhard Station","numbers.larkin@hotmail.com","772","Wesley Jenkins","(362) 045-3476"
"869 Titus Throughway","leandro.kovacek@yahoo.com","773","Carmelo McGlynn Sr.","468-193-5709 x1820"
"649 Welch Loaf","quentin.goldner@hotmail.com","774","Beatriz Larkin","053.947.9466 x725"
"21456 Marlo Manor","lionel.skiles@gmail.com","775","Santos Hoppe","(501) 552-8168 x3867"
"5141 Louis Stream","marcelino.haley@yahoo.com","776","Dannie Armstrong","583.707.5511 x988"
"81153 Terry Run","rene.batz@yahoo.com","777","Barton Robel","1-779-598-6124 x729"
"778 Williamson Coves","darell.pfannerstill@yahoo.com","778","Miss Etha Crooks","(064) 885-2353"
"334 Bartoletti Rapids","janee.mertz@hotmail.com","779","Joye Jacobs","467-925-1698"
"46295 Kia Mountains","micheal.feest@yahoo.com","780","Ms. Arianne Goyette","168-647-5351 x5838"
"4735 Mueller Ports","kelsie.beier@hotmail.com","781","Milda Kunze","756-574-3143 x8987"
"001 Garland Island","nathan.dibbert@hotmail.com","782","Royce Nader","1-250-033-9469 x915"
"543 Sachiko Rue","gail.smith@hotmail.com","783","Armand Bashirian","1-314-412-4131 x40436"
"425 Trent Alley","julianna.abernathy@hotmail.com","784","Josef Wilderman","1-017-417-6171 x50923"
"0144 Durgan Highway","verla.heller@hotmail.com","785","Frederic Krajcik","(213) 169-1552"
"39549 Helaine Branch","norman.jacobs@hotmail.com","786","Robt Gerlach III","930-229-1678"
"149 Corwin Prairie","logan.marks@hotmail.com","787","Dr. Donn Kassulke","451.057.4392 x381"
"75518 Schiller Highway","robbie.sipes@gmail.com","788","Shenna Harris","612-799-4804"
"4084 Kenneth Square","calvin.bradtke@hotmail.com","789","Ross O'Kon","1-513-924-5430"
"922 Runolfsdottir Estate","chantal.kerluke@hotmail.com","790","Dennis Lueilwitz","748-508-0546 x01236"
"343 Macejkovic Glen","ellis.schneider@gmail.com","791","Alfred Doyle","831.534.5758 x430"
"255 Elvina Drive","klara.lowe@yahoo.com","792","Regina Grant","311-932-9253 x32886"
"203 Shirl Expressway","evalyn.okuneva@hotmail.com","793","Sarina Bradtke","989.415.9610 x585"
"74040 Pacocha Route","amada.collins@hotmail.com","794","Terina Waters","514.602.8105 x1040"
"373 Huel Courts","rich.ward@yahoo.com","795","Shari Hudson","1-988-393-6003"
"40824 Ward Field","donald.wintheiser@gmail.com","796","Mrs. Kristian Barrows","763.226.0833 x32279"
"3619 Herman Tunnel","mariam.ortiz@yahoo.com","797","Yaeko Collins","104-807-6872 x431"
"219 Milton Parkway","lupe.rodriguez@gmail.com","798","Mrs. Kizzie Stark","1-703-284-1771"
"57908 Jacki Mountains","dominick.zulauf@yahoo.com","799","Mrs. Erin Lynch","1-264-674-6507 x5525"
"30013 Rosenbaum Crescent","eleanor.mayert@gmail.com","800","Zachariah King","(820) 555-2895 x45559"
